./2008.q1-q4.by_area/2008.q1-q4 01000 Alabama -- Statewide.csv:"01000","5","10","51","0","2008","1","","Alabama -- Statewide","Private","Total, all industries","State, Total -- by ownership sector","All establishment sizes",114399,1567538,1571790,1578353,14845021556,8716135722,122014269,726,"",0.98,0.97,0.97,0.97,0.95,1.01,1.00,0.97,"",1716,1.5,3135,0.2,-2080,-0.1,-11632,-0.7,422629159,2.9,130099531,1.5,2609378,2.2,22,3.1
./2008.q1-q4.by_area/2008.q1-q4 01000 Alabama -- Statewide.csv:"01000","5","10","51","0","2008","2","","Alabama -- Statewide","Private","Total, all industries","State, Total -- by ownership sector","All establishment sizes",114911,1583794,1585944,1586112,14430839303,2682733650,39250071,700,"",0.98,0.97,0.97,0.96,0.96,1.02,1.00,0.99,"",2088,1.9,-3257,-0.2,-8106,-0.5,-17023,-1.1,316458371,2.2,-85724747,-3.1,-894096,-2.2,19,2.8
./2008.q1-q4.by_area/2008.q1-q4 01000 Alabama -- Statewide.csv:"01000","5","10","51","0","2008","3","","Alabama -- Statewide","Private","Total, all industries","State, Total -- by ownership sector","All establishment sizes",114657,1578620,1577726,1570568,14514906832,1558103399,22960211,709,"",0.98,0.96,0.96,0.97,0.94,1.02,1.00,0.98,"",993,0.9,-14092,-0.9,-20824,-1.3,-27480,-1.7,291280316,2.0,-128620939,-7.6,-1861425,-7.5,24,3.5
./2008.q1-q4.by_area/2008.q1-q4 01000 Alabama -- Statewide.csv:"01000","5","10","51","0","2008","4","","Alabama -- Statewide","Private","Total, all industries","State, Total -- by ownership sector","All establishment sizes",116230,1556574,1546429,1538804,15521454027,1256705389,19306754,772,"",0.98,0.97,0.97,0.97,0.94,1.03,1.00,0.97,"",770,0.7,-37888,-2.4,-55125,-3.4,-67135,-4.2,-36231661,-0.2,-233170599,-15.7,-3842485,-16.6,24,3.2
./2008.q1-q4.by_area/2008.q1-q4 02000 Alaska -- Statewide.csv:"02000","5","10","51","0","2008","1","","Alaska -- Statewide","Private","Total, all industries","State, Total -- by ownership sector","All establishment sizes",19100,217440,221356,223439,2484580294,2152246882,43601870,866,"",0.94,0.88,0.88,0.88,0.87,0.99,0.98,0.99,"",204,1.1,2732,1.3,2983,1.4,3020,1.4,153342813,6.6,117931871,5.8,-4737081,-9.8,43,5.2
./2008.q1-q4.by_area/2008.q1-q4 02000 Alaska -- Statewide.csv:"02000","5","10","51","0","2008","2","","Alaska -- Statewide","Private","Total, all industries","State, Total -- by ownership sector","All establishment sizes",19445,226734,241972,256776,2602175169,1739815760,36745967,828,"",0.94,0.88,0.89,0.92,0.88,0.99,0.98,0.98,"",301,1.6,2352,1.0,5191,2.2,2951,1.2,133069992,5.4,72098977,4.3,-4549531,-11.0,31,3.9
./2008.q1-q4.by_area/2008.q1-q4 02000 Alaska -- Statewide.csv:"02000","5","10","51","0","2008","3","","Alaska -- Statewide","Private","Total, all industries","State, Total -- by ownership sector","All establishment sizes",19762,266804,264740,251484,2906905320,1459904358,32945843,857,"",0.94,0.94,0.93,0.90,0.92,1.00,0.98,0.99,"",588,3.1,4980,1.9,3618,1.4,3574,1.4,171415838,6.3,71796033,5.2,-3998706,-10.8,38,4.6
./2008.q1-q4.by_area/2008.q1-q4 02000 Alaska -- Statewide.csv:"02000","5","10","51","0","2008","4","","Alaska -- Statewide","Private","Total, all industries","State, Total -- by ownership sector","All establishment sizes",19236,232966,225479,223303,2725027847,862620136,18255987,922,"",0.94,0.89,0.88,0.88,0.88,1.00,0.97,0.99,"",140,0.7,3194,1.4,2592,1.2,3602,1.6,182375431,7.2,47756553,5.9,-2017078,-9.9,49,5.6
./2008.q1-q4.by_area/2008.q1-q4 04000 Arizona -- Statewide.csv:"04000","5","10","51","0","2008","1","","Arizona -- Statewide","Private","Total, all industries","State, Total -- by ownership sector","All establishment sizes",156670,2214546,2221604,2220507,23447225028,11664497574,158813531,813,"",1.02,1.01,1.00,1.00,0.99,1.00,0.99,0.99,"",2782,1.8,-15401,-0.7,-26835,-1.2,-43093,-1.9,157944994,0.7,-83303049,-0.7,-16606206,-9.5,16,2.0
./2008.q1-q4.by_area/2008.q1-q4 04000 Arizona -- Statewide.csv:"04000","5","10","51","0","2008","2","","Arizona -- Statewide","Private","Total, all industries","State, Total -- by ownership sector","All establishment sizes",157902,2201449,2191829,2179386,22298644219,3133094801,42487937,783,"",1.02,1.00,1.00,1.02,0.99,1.01,1.00,0.99,"",1611,1.0,-43172,-1.9,-55243,-2.5,-72085,-3.2,-125031580,-0.6,-268240639,-7.9,-7730630,-15.4,16,2.1
./2008.q1-q4.by_area/2008.q1-q4 04000 Arizona -- Statewide.csv:"04000","5","10","51","0","2008","3","","Arizona -- Statewide","Private","Total, all industries","State, Total -- by ownership sector","All establishment sizes",159281,2149481,2154297,2149409,21950049182,1939838422,27263533,785,"",1.02,1.02,0.99,1.00,0.99,1.02,1.00,0.99,"",2258,1.4,-76250,-3.4,-80518,-3.6,-85571,-3.8,-353407405,-1.6,-374063289,-16.2,-8164978,-23.0,16,2.1
./2008.q1-q4.by_area/2008.q1-q4 04000 Arizona -- Statewide.csv:"04000","5","10","51","0","2008","4","","Arizona -- Statewide","Private","Total, all industries","State, Total -- by ownership sector","All establishment sizes",161168,2142163,2140281,2134080,23483728975,1680918976,25029256,845,"",1.02,1.00,1.00,1.00,0.99,1.03,1.00,1.00,"",2399,1.5,-108171,-4.8,-131287,-5.8,-142632,-6.3,-767575099,-3.2,-468849037,-21.8,-9193697,-26.9,22,2.7
./2008.q1-q4.by_area/2008.q1-q4 05000 Arkansas -- Statewide.csv:"05000","5","10","51","0","2008","1","","Arkansas -- Statewide","Private","Total, all industries","State, Total -- by ownership sector","All establishment sizes",80568,959790,964092,971670,8327675427,5548580278,132906253,664,"",0.98,0.98,0.98,0.99,0.97,1.00,0.99,0.99,"",2773,3.6,2017,0.2,3882,0.4,-3066,-0.3,328327099,4.1,15390597,0.3,7230065,5.8,26,4.1
./2008.q1-q4.by_area/2008.q1-q4 05000 Arkansas -- Statewide.csv:"05000","5","10","51","0","2008","2","","Arkansas -- Statewide","Private","Total, all industries","State, Total -- by ownership sector","All establishment sizes",81129,973309,978633,981495,8119984560,2372663570,57770590,639,"",0.98,0.98,0.98,0.98,0.97,1.00,0.99,0.98,"",2847,3.6,-1410,-0.1,-1844,-0.2,-3285,-0.3,249545974,3.2,-45742318,-1.9,1319093,2.3,21,3.4
./2008.q1-q4.by_area/2008.q1-q4 05000 Arkansas -- Statewide.csv:"05000","5","10","51","0","2008","3","","Arkansas -- Statewide","Private","Total, all industries","State, Total -- by ownership sector","All establishment sizes",81653,977685,980770,977998,8168660306,1281761879,31783918,642,"",0.98,1.01,0.99,0.98,0.99,1.02,1.00,1.00,"",2626,3.3,-275,0.0,-2839,-0.3,-5166,-0.5,264986012,3.4,-6848555,-0.5,1491048,4.9,23,3.7
./2008.q1-q4.by_area/2008.q1-q4 05000 Arkansas -- Statewide.csv:"05000","5","10","51","0","2008","4","","Arkansas -- Statewide","Private","Total, all industries","State, Total -- by ownership sector","All establishment sizes",82234,969971,964264,960000,8859608195,996487985,25096850,706,"",0.98,0.98,0.98,0.98,0.98,1.03,1.00,1.00,"",2724,3.4,-8211,-0.8,-14421,-1.5,-19683,-2.0,-302244155,-3.3,-58581024,-5.6,-291524,-1.1,-14,-1.9
./2008.q1-q4.by_area/2008.q1-q4 06000 California -- Statewide.csv:"06000","5","10","51","0","2008","1","","California -- Statewide","Private","Total, all industries","State, Total -- by ownership sector","All establishment sizes",1255662,12896896,12965324,13009731,167578216239,65918463009,2677257905,995,"",1.01,1.00,1.00,1.00,0.98,1.01,1.00,0.98,"",33466,2.7,-5601,0.0,-15551,-0.1,-76510,-0.6,2659876096,1.6,-292768721,-0.4,-105024015,-3.8,18,1.8
./2008.q1-q4.by_area/2008.q1-q4 06000 California -- Statewide.csv:"06000","5","10","51","0","2008","2","","California -- Statewide","Private","Total, all industries","State, Total -- by ownership sector","All establishment sizes",1281834,13070670,13183319,13220780,159707625965,18347146605,723856928,934,"",1.01,1.00,1.00,1.00,0.99,1.02,1.00,0.99,"",34595,2.8,-34810,-0.3,-61673,-0.5,-118763,-0.9,2289599259,1.5,-854425823,-4.4,-58924190,-7.5,19,2.1
./2008.q1-q4.by_area/2008.q1-q4 06000 California -- Statewide.csv:"06000","5","10","51","0","2008","3","","California -- Statewide","Private","Total, all industries","State, Total -- by ownership sector","All establishment sizes",1305092,13142064,13146701,13120799,160362001949,11806677702,483896639,939,"",1.01,1.00,1.00,1.01,0.99,1.02,1.00,0.99,"",33366,2.6,-175056,-1.3,-207044,-1.6,-217030,-1.6,1392995562,0.9,-1355526553,-10.3,-68103081,-12.3,22,2.4
./2008.q1-q4.by_area/2008.q1-q4 06000 California -- Statewide.csv:"06000","5","10","51","0","2008","4","","California -- Statewide","Private","Total, all industries","State, Total -- by ownership sector","All establishment sizes",1331311,13007769,12883988,12823472,173498249864,9400233290,382704877,1034,"",1.01,1.00,1.00,1.01,1.00,1.03,1.00,0.99,"",29889,2.3,-294932,-2.2,-414821,-3.1,-507427,-3.8,-5186070744,-2.9,-1628179852,-14.8,-74278729,-16.3,1,0.1
./2008.q1-q4.by_area/2008.q1-q4 08000 Colorado -- Statewide.csv:"08000","5","10","51","0","2008","1","","Colorado -- Statewide","Private","Total, all industries","State, Total -- by ownership sector","All establishment sizes",174749,1918766,1922918,1933209,23307782049,12692624146,221673593,931,"",1.01,1.01,1.00,1.00,1.01,0.99,1.00,1.00,"",1217,0.7,41325,2.2,42082,2.2,29036,1.5,1290487343,5.9,463341631,3.8,-6186459,-2.7,34,3.8
./2008.q1-q4.by_area/2008.q1-q4 08000 Colorado -- Statewide.csv:"08000","5","10","51","0","2008","2","","Colorado -- Statewide","Private","Total, all industries","State, Total -- by ownership sector","All establishment sizes",176030,1938434,1944139,1974667,21857729859,4222560443,71334179,861,"",1.01,1.00,1.00,1.00,1.02,0.95,1.00,1.02,"",-122,-0.1,26592,1.4,20326,1.1,12249,0.6,811048888,3.9,-117660598,-2.7,-6367115,-8.2,23,2.7
./2008.q1-q4.by_area/2008.q1-q4 08000 Colorado -- Statewide.csv:"08000","5","10","51","0","2008","3","","Colorado -- Statewide","Private","Total, all industries","State, Total -- by ownership sector","All establishment sizes",177082,1977132,1979035,1951598,22184231529,2733942563,47966137,867,"",1.01,0.99,0.99,1.00,0.99,0.92,0.99,1.00,"",-575,-0.3,9875,0.5,6476,0.3,-1791,-0.1,766901851,3.6,-119149399,-4.2,-4554022,-8.7,28,3.3
./2008.q1-q4.by_area/2008.q1-q4 08000 Colorado -- Statewide.csv:"08000","5","10","51","0","2008","4","","Colorado -- Statewide","Private","Total, all industries","State, Total -- by ownership sector","All establishment sizes",173778,1934365,1920824,1922743,23445981741,2102741224,37233388,936,"",1.01,1.00,1.00,1.00,1.01,0.89,0.99,1.00,"",-649,-0.4,-10515,-0.5,-30015,-1.5,-43221,-2.2,-362238282,-1.5,-275219731,-11.6,-6905265,-15.6,-1,-0.1
./2008.q1-q4.by_area/2008.q1-q4 09000 Connecticut -- Statewide.csv:"09000","5","10","51","0","2008","1","","Connecticut -- Statewide","Private","Total, all industries","State, Total -- by ownership sector","All establishment sizes",108987,1421831,1416893,1425401,24074673068,11476331842,295427624,1303,"",1.00,1.02,1.01,1.01,1.04,1.00,1.00,1.03,"",1054,1.0,14698,1.0,14228,1.0,15539,1.1,25245300,0.1,227454875,2.0,10730608,3.8,-12,-0.9
./2008.q1-q4.by_area/2008.q1-q4 09000 Connecticut -- Statewide.csv:"09000","5","10","51","0","2008","2","","Connecticut -- Statewide","Private","Total, all industries","State, Total -- by ownership sector","All establishment sizes",109372,1437326,1451277,1466497,19541802465,4356872103,119443359,1035,"",1.00,1.01,1.01,1.01,1.03,1.01,1.00,1.01,"",844,0.8,11463,0.8,6070,0.4,1103,0.1,67173958,0.3,-106779226,-2.4,1826222,1.6,-1,-0.1
./2008.q1-q4.by_area/2008.q1-q4 09000 Connecticut -- Statewide.csv:"09000","5","10","51","0","2008","3","","Connecticut -- Statewide","Private","Total, all industries","State, Total -- by ownership sector","All establishment sizes",109738,1451941,1446222,1439017,19518593238,2428963784,66161559,1039,"",1.00,1.02,1.02,1.01,1.03,1.02,1.00,1.02,"",611,0.6,-2788,-0.2,-4477,-0.3,-8135,-0.6,121426512,0.6,-128138623,-5.0,-963959,-1.4,11,1.1
./2008.q1-q4.by_area/2008.q1-q4 09000 Connecticut -- Statewide.csv:"09000","5","10","51","0","2008","4","","Connecticut -- Statewide","Private","Total, all industries","State, Total -- by ownership sector","All establishment sizes",109409,1433261,1430475,1428510,22222188151,1822272997,48890915,1195,"",1.00,1.01,1.01,1.01,1.04,1.03,1.00,1.02,"",297,0.3,-13955,-1.0,-23126,-1.6,-32257,-2.2,-33150856,-0.1,-166944922,-8.4,-2930813,-5.7,17,1.4
./2008.q1-q4.by_area/2008.q1-q4 10000 Delaware -- Statewide.csv:"10000","5","10","51","0","2008","1","","Delaware -- Statewide","Private","Total, all industries","State, Total -- by ownership sector","All establishment sizes",31307,358101,358418,360903,4597119229,2298777313,43079121,985,"",1.02,1.02,1.02,1.02,1.02,1.01,1.00,0.99,"",1290,4.3,3325,0.9,5602,1.6,3859,1.1,13673985,0.3,264330051,13.0,-1208876,-2.7,-9,-0.9
./2008.q1-q4.by_area/2008.q1-q4 10000 Delaware -- Statewide.csv:"10000","5","10","51","0","2008","2","","Delaware -- Statewide","Private","Total, all industries","State, Total -- by ownership sector","All establishment sizes",28952,364298,366326,371550,4089087056,749332837,15757530,856,"",1.01,1.02,1.02,1.03,1.04,1.02,1.00,1.01,"",-1310,-4.3,3591,1.0,-168,0.0,-1208,-0.3,-53297536,-1.3,167775014,28.8,2620631,19.9,-13,-1.5
./2008.q1-q4.by_area/2008.q1-q4 10000 Delaware -- Statewide.csv:"10000","5","10","51","0","2008","3","","Delaware -- Statewide","Private","Total, all industries","State, Total -- by ownership sector","All establishment sizes",29166,368883,368175,363271,4084369873,440554368,9102538,857,"",1.01,1.01,1.02,1.02,1.00,1.02,1.00,0.99,"",-1412,-4.6,-1341,-0.4,-2940,-0.8,-3466,-0.9,56356376,1.4,59705463,15.7,627296,7.4,18,2.1
./2008.q1-q4.by_area/2008.q1-q4 10000 Delaware -- Statewide.csv:"10000","5","10","51","0","2008","4","","Delaware -- Statewide","Private","Total, all industries","State, Total -- by ownership sector","All establishment sizes",29015,360476,360746,358774,4435676725,329993202,6844479,948,"",1.01,1.02,1.03,1.03,1.03,1.03,1.00,1.01,"",-1692,-5.5,-4558,-1.2,-7433,-2.0,-11023,-3.0,-22432543,-0.5,22982293,7.5,198981,3.0,15,1.6
./2008.q1-q4.by_area/2008.q1-q4 12000 Florida -- Statewide.csv:"12000","5","10","51","0","2008","1","","Florida -- Statewide","Private","Total, all industries","State, Total -- by ownership sector","All establishment sizes",617290,6719817,6765025,6788891,66911214780,34474823870,484407510,762,"",1.02,1.02,1.03,1.03,1.00,1.01,1.00,0.97,"",26019,4.4,-151763,-2.2,-159833,-2.3,-194431,-2.8,-586596561,-0.9,-662571154,-1.9,-52600488,-9.8,12,1.6
./2008.q1-q4.by_area/2008.q1-q4 12000 Florida -- Statewide.csv:"12000","5","10","51","0","2008","2","","Florida -- Statewide","Private","Total, all industries","State, Total -- by ownership sector","All establishment sizes",611982,6703461,6673781,6616738,63635317039,9398554128,121192981,734,"",1.02,1.02,1.02,1.04,1.01,1.02,1.01,0.98,"",20344,3.4,-230929,-3.3,-257182,-3.7,-283940,-4.1,-1399173746,-2.2,-1000269726,-9.6,-21567503,-15.1,11,1.5
./2008.q1-q4.by_area/2008.q1-q4 12000 Florida -- Statewide.csv:"12000","5","10","51","0","2008","3","","Florida -- Statewide","Private","Total, all industries","State, Total -- by ownership sector","All establishment sizes",612240,6489212,6470746,6441086,62242240362,5492485558,72535988,740,"",1.02,1.03,1.01,1.02,1.01,1.02,1.01,0.99,"",13274,2.2,-280970,-4.2,-308545,-4.6,-323291,-4.8,-1760425498,-2.8,-1061819437,-16.2,-20091474,-21.7,13,1.8
./2008.q1-q4.by_area/2008.q1-q4 12000 Florida -- Statewide.csv:"12000","5","10","51","0","2008","4","","Florida -- Statewide","Private","Total, all industries","State, Total -- by ownership sector","All establishment sizes",609251,6431325,6458713,6475644,68092862504,4760511164,66421703,811,"",1.02,1.02,1.02,1.02,1.00,1.03,1.01,0.98,"",7623,1.3,-332245,-4.9,-392099,-5.7,-423938,-6.1,-2834682799,-4.0,-1197125640,-20.1,-21928613,-24.8,13,1.6
./2008.q1-q4.by_area/2008.q1-q4 13000 Georgia -- Statewide.csv:"13000","5","10","51","0","2008","1","","Georgia -- Statewide","Private","Total, all industries","State, Total -- by ownership sector","All establishment sizes",264752,3348094,3359049,3360217,37529841785,19497449811,292425078,860,"",1.00,0.99,0.99,0.99,1.00,1.01,1.00,1.01,"",7120,2.8,-3060,-0.1,-6576,-0.2,-20833,-0.6,59625369,0.2,39898369,0.2,-9141585,-3.0,4,0.5
./2008.q1-q4.by_area/2008.q1-q4 13000 Georgia -- Statewide.csv:"13000","5","10","51","0","2008","2","","Georgia -- Statewide","Private","Total, all industries","State, Total -- by ownership sector","All establishment sizes",265957,3378036,3393541,3378988,34638752384,6048277127,88213329,787,"",1.00,0.99,0.99,0.99,1.01,1.02,1.00,1.02,"",5412,2.1,-22655,-0.7,-28425,-0.8,-42888,-1.3,-874040324,-2.5,-269714209,-4.3,-6872324,-7.2,-13,-1.6
./2008.q1-q4.by_area/2008.q1-q4 13000 Georgia -- Statewide.csv:"13000","5","10","51","0","2008","3","","Georgia -- Statewide","Private","Total, all industries","State, Total -- by ownership sector","All establishment sizes",266422,3354013,3354696,3326803,34557899584,3656317790,54846739,795,"",1.00,0.98,0.98,0.99,0.99,1.02,1.00,1.01,"",4029,1.5,-54594,-1.6,-70019,-2.0,-82533,-2.4,-200453928,-0.6,-331985318,-8.3,-6874210,-11.1,12,1.5
./2008.q1-q4.by_area/2008.q1-q4 13000 Georgia -- Statewide.csv:"13000","5","10","51","0","2008","4","","Georgia -- Statewide","Private","Total, all industries","State, Total -- by ownership sector","All establishment sizes",266457,3308888,3291462,3270150,37046100756,3030533252,46775772,866,"",1.00,0.99,0.99,0.99,1.00,1.03,1.00,1.01,"",1304,0.5,-110029,-3.2,-144410,-4.2,-158509,-4.6,-640461898,-1.7,-549319739,-15.3,-10747174,-18.7,20,2.4
./2008.q1-q4.by_area/2008.q1-q4 15000 Hawaii -- Statewide.csv:"15000","5","10","51","0","2008","1","","Hawaii -- Statewide","Private","Total, all industries","State, Total -- by ownership sector","All establishment sizes",36372,502970,505457,506542,4837256433,3454313829,24611002,737,"",0.99,0.97,0.96,0.96,0.91,1.01,1.01,0.95,"",497,1.4,2840,0.6,2553,0.5,688,0.1,165302386,3.5,-530603447,-13.3,-7783804,-24.0,22,3.1
./2008.q1-q4.by_area/2008.q1-q4 15000 Hawaii -- Statewide.csv:"15000","5","10","51","0","2008","2","","Hawaii -- Statewide","Private","Total, all industries","State, Total -- by ownership sector","All establishment sizes",36735,502208,502382,502091,4677004014,1567435919,11116966,716,"",0.99,0.97,0.96,0.96,0.92,1.02,1.01,0.95,"",507,1.4,-313,-0.1,-3324,-0.7,-9051,-1.8,110462928,2.4,-1807774065,-53.6,-17086557,-60.6,22,3.2
./2008.q1-q4.by_area/2008.q1-q4 15000 Hawaii -- Statewide.csv:"15000","5","10","51","0","2008","3","","Hawaii -- Statewide","Private","Total, all industries","State, Total -- by ownership sector","All establishment sizes",36857,498581,497266,493739,4690522459,829574143,6409973,727,"",0.99,0.95,0.95,0.96,0.90,1.03,1.01,0.95,"",295,0.8,-8266,-1.6,-11635,-2.3,-14025,-2.8,-3849736,-0.1,-1823552610,-68.7,-15440238,-70.7,16,2.3
./2008.q1-q4.by_area/2008.q1-q4 15000 Hawaii -- Statewide.csv:"15000","5","10","51","0","2008","4","","Hawaii -- Statewide","Private","Total, all industries","State, Total -- by ownership sector","All establishment sizes",37239,488401,488834,490207,4965983811,601087216,5169246,781,"",0.99,0.95,0.95,0.95,0.91,1.04,1.01,0.95,"",289,0.8,-18153,-3.6,-21858,-4.3,-24122,-4.7,-79517815,-1.6,-1463160149,-70.9,-12313601,-70.4,21,2.8
./2008.q1-q4.by_area/2008.q1-q4 16000 Idaho -- Statewide.csv:"16000","5","10","51","0","2008","1","","Idaho -- Statewide","Private","Total, all industries","State, Total -- by ownership sector","All establishment sizes",53901,524045,526089,530424,4352103430,3842645787,27726289,635,"",0.98,0.98,0.98,0.98,0.98,1.01,1.00,0.99,"",889,1.7,1983,0.4,1002,0.2,-3042,-0.6,8953929,0.2,72712125,1.9,-12758210,-31.5,1,0.2
./2008.q1-q4.by_area/2008.q1-q4 16000 Idaho -- Statewide.csv:"16000","5","10","51","0","2008","2","","Idaho -- Statewide","Private","Total, all industries","State, Total -- by ownership sector","All establishment sizes",53872,537323,546471,553619,4443199746,3284815754,25191609,626,"",0.98,0.99,0.98,0.98,0.98,1.02,1.00,1.00,"",101,0.2,-5445,-1.0,-5810,-1.1,-9884,-1.8,-8116492,-0.2,51820918,1.6,-12030824,-32.3,7,1.1
./2008.q1-q4.by_area/2008.q1-q4 16000 Idaho -- Statewide.csv:"16000","5","10","51","0","2008","3","","Idaho -- Statewide","Private","Total, all industries","State, Total -- by ownership sector","All establishment sizes",53985,556633,557738,550402,4574619980,2640754059,21805273,634,"",0.98,0.98,0.98,0.99,0.98,1.02,1.00,1.00,"",221,0.4,-7956,-1.4,-9510,-1.7,-10928,-1.9,-25128968,-0.5,56830406,2.2,-9570468,-30.5,7,1.1
./2008.q1-q4.by_area/2008.q1-q4 16000 Idaho -- Statewide.csv:"16000","5","10","51","0","2008","4","","Idaho -- Statewide","Private","Total, all industries","State, Total -- by ownership sector","All establishment sizes",54122,541162,526316,519612,4733902986,1934637110,15760423,688,"",0.98,0.99,0.98,0.98,0.98,1.03,1.00,0.99,"",-186,-0.3,-14511,-2.6,-25667,-4.6,-27987,-5.1,-194592836,-3.9,6860113,0.4,-7014141,-30.8,1,0.1
./2008.q1-q4.by_area/2008.q1-q4 17000 Illinois -- Statewide.csv:"17000","5","10","51","0","2008","1","","Illinois -- Statewide","Private","Total, all industries","State, Total -- by ownership sector","All establishment sizes",355929,4953425,4936689,4966278,64108145274,33758365448,1004364942,996,"",1.01,1.02,1.02,1.02,1.03,1.00,1.00,1.01,"",8381,2.4,21943,0.4,26341,0.5,-587,0.0,1860757537,3.0,1249553892,3.8,-238662767,-19.2,26,2.7
./2008.q1-q4.by_area/2008.q1-q4 17000 Illinois -- Statewide.csv:"17000","5","10","51","0","2008","2","","Illinois -- Statewide","Private","Total, all industries","State, Total -- by ownership sector","All establishment sizes",357681,5024280,5071318,5100029,58468267050,12613700597,374631196,888,"",1.01,1.02,1.02,1.02,1.03,1.01,1.00,1.01,"",8592,2.5,1060,0.0,-9526,-0.2,-28138,-0.5,1029794377,1.8,432905840,3.6,-78438295,-17.3,18,2.1
./2008.q1-q4.by_area/2008.q1-q4 17000 Illinois -- Statewide.csv:"17000","5","10","51","0","2008","3","","Illinois -- Statewide","Private","Total, all industries","State, Total -- by ownership sector","All establishment sizes",360276,5085504,5088820,5048866,58713460749,7091869005,210824193,890,"",1.01,1.02,1.02,1.02,1.03,1.01,1.00,1.01,"",8111,2.3,-29174,-0.6,-29789,-0.6,-49298,-1.0,1239579394,2.2,86483632,1.2,-45305514,-17.7,25,2.9
./2008.q1-q4.by_area/2008.q1-q4 17000 Illinois -- Statewide.csv:"17000","5","10","51","0","2008","4","","Illinois -- Statewide","Private","Total, all industries","State, Total -- by ownership sector","All establishment sizes",362408,5028322,4997925,4959803,64679858265,5115266862,150024335,996,"",1.01,1.03,1.03,1.03,1.04,1.02,1.00,1.01,"",8111,2.3,-63779,-1.3,-108659,-2.1,-144354,-2.8,-892938178,-1.4,-407244489,-7.4,-52169011,-25.8,7,0.7
./2008.q1-q4.by_area/2008.q1-q4 18000 Indiana -- Statewide.csv:"18000","5","10","51","0","2008","1","","Indiana -- Statewide","Private","Total, all industries","State, Total -- by ownership sector","All establishment sizes",154859,2433555,2430453,2442200,24070235156,12104685473,325783178,760,"",1.00,1.02,1.02,1.02,1.02,1.01,1.00,1.00,"",2122,1.4,-3496,-0.1,3197,0.1,-23373,-0.9,498875228,2.1,36759448,0.3,-8145316,-2.4,18,2.4
./2008.q1-q4.by_area/2008.q1-q4 18000 Indiana -- Statewide.csv:"18000","5","10","51","0","2008","2","","Indiana -- Statewide","Private","Total, all industries","State, Total -- by ownership sector","All establishment sizes",154727,2470120,2499966,2507335,23066430558,3195709921,84564006,712,"",1.00,1.02,1.02,1.03,1.03,1.02,1.00,1.01,"",1282,0.8,-22396,-0.9,-25395,-1.0,-36913,-1.5,156902312,0.7,-133156724,-4.0,-6259061,-6.9,13,1.9
./2008.q1-q4.by_area/2008.q1-q4 18000 Indiana -- Statewide.csv:"18000","5","10","51","0","2008","3","","Indiana -- Statewide","Private","Total, all industries","State, Total -- by ownership sector","All establishment sizes",155465,2485564,2497558,2479073,23159810014,2027214813,53959269,716,"",1.00,1.02,1.02,1.02,1.03,1.02,1.00,1.01,"",2230,1.5,-42262,-1.7,-37744,-1.5,-45238,-1.8,141971496,0.6,-149807962,-6.9,-5660587,-9.5,16,2.3
./2008.q1-q4.by_area/2008.q1-q4 18000 Indiana -- Statewide.csv:"18000","5","10","51","0","2008","4","","Indiana -- Statewide","Private","Total, all industries","State, Total -- by ownership sector","All establishment sizes",154978,2463983,2439887,2411799,24434563977,1580246818,41514708,771,"",0.99,1.02,1.02,1.02,1.03,1.03,1.00,1.01,"",1188,0.8,-55682,-2.2,-82324,-3.3,-103247,-4.1,-191128921,-0.8,-251483047,-13.7,-8473846,-17.0,19,2.5
./2008.q1-q4.by_area/2008.q1-q4 19000 Iowa -- Statewide.csv:"19000","5","10","51","0","2008","1","","Iowa -- Statewide","Private","Total, all industries","State, Total -- by ownership sector","All establishment sizes",87433,1226777,1222998,1231523,11193790699,9031841381,132664116,702,"",0.97,1.00,1.00,1.00,0.98,1.00,1.00,0.98,"",480,0.6,11402,0.9,12310,1.0,9953,0.8,467111242,4.4,422652457,4.9,4535916,3.5,23,3.4
./2008.q1-q4.by_area/2008.q1-q4 19000 Iowa -- Statewide.csv:"19000","5","10","51","0","2008","2","","Iowa -- Statewide","Private","Total, all industries","State, Total -- by ownership sector","All establishment sizes",88138,1252161,1268389,1277286,10971176857,6568802856,108063143,667,"",0.97,1.00,1.00,1.00,0.99,1.01,1.00,0.99,"",471,0.5,8833,0.7,8840,0.7,734,0.1,317408421,3.0,245881623,3.9,3687896,3.5,16,2.5
./2008.q1-q4.by_area/2008.q1-q4 19000 Iowa -- Statewide.csv:"19000","5","10","51","0","2008","3","","Iowa -- Statewide","Private","Total, all industries","State, Total -- by ownership sector","All establishment sizes",88445,1277662,1279883,1264447,11249506920,4143824265,73552377,679,"",0.97,1.00,1.01,1.00,0.99,1.02,1.00,0.98,"",340,0.4,1643,0.1,5881,0.5,1008,0.1,457466394,4.2,197810478,5.0,6294985,9.4,26,4.0
./2008.q1-q4.by_area/2008.q1-q4 19000 Iowa -- Statewide.csv:"19000","5","10","51","0","2008","4","","Iowa -- Statewide","Private","Total, all industries","State, Total -- by ownership sector","All establishment sizes",88308,1260295,1253046,1243968,12212368685,2590673193,42747870,750,"",0.97,1.00,1.00,1.00,1.00,1.03,1.00,0.99,"",447,0.5,-900,-0.1,-13410,-1.1,-16506,-1.3,231381578,1.9,-12824280,-0.5,118766,0.3,20,2.7
./2008.q1-q4.by_area/2008.q1-q4 20000 Kansas -- Statewide.csv:"20000","5","10","51","0","2008","1","","Kansas -- Statewide","Private","Total, all industries","State, Total -- by ownership sector","All establishment sizes",80276,1097865,1100243,1109438,10801023556,5985954246,125815266,754,"",0.97,0.98,0.97,0.97,0.99,0.83,0.99,1.02,"",1174,1.5,17829,1.7,18108,1.7,8647,0.8,378363913,3.6,164947511,2.8,1254296,1.0,17,2.3
./2008.q1-q4.by_area/2008.q1-q4 20000 Kansas -- Statewide.csv:"20000","5","10","51","0","2008","2","","Kansas -- Statewide","Private","Total, all industries","State, Total -- by ownership sector","All establishment sizes",80934,1121387,1126603,1132796,10545566433,1862944617,37528751,720,"",0.97,0.97,0.97,0.97,0.99,0.57,0.95,1.02,"",913,1.1,16450,1.5,14802,1.3,11024,1.0,379739679,3.7,11530344,0.6,1232099,3.4,17,2.4
./2008.q1-q4.by_area/2008.q1-q4 20000 Kansas -- Statewide.csv:"20000","5","10","51","0","2008","3","","Kansas -- Statewide","Private","Total, all industries","State, Total -- by ownership sector","All establishment sizes",81012,1129442,1124625,1117799,10576991355,1211963816,25061488,724,"",0.97,0.97,0.98,0.97,1.00,0.53,0.94,1.03,"",1470,1.8,4541,0.4,-430,0.0,-4544,-0.4,459424568,4.5,-10961682,-0.9,-197072,-0.8,32,4.6
./2008.q1-q4.by_area/2008.q1-q4 20000 Kansas -- Statewide.csv:"20000","5","10","51","0","2008","4","","Kansas -- Statewide","Private","Total, all industries","State, Total -- by ownership sector","All establishment sizes",81714,1121809,1118441,1113766,11375985013,1025852144,20693711,783,"",0.97,0.97,0.98,0.97,0.99,0.45,0.92,1.02,"",1773,2.2,2168,0.2,-7060,-0.6,-8813,-0.8,302141486,2.7,-55914760,-5.2,-1701945,-7.6,24,3.2
./2008.q1-q4.by_area/2008.q1-q4 21000 Kentucky -- Statewide.csv:"21000","5","10","51","0","2008","1","","Kentucky -- Statewide","Private","Total, all industries","State, Total -- by ownership sector","All establishment sizes",112240,1476451,1473921,1481723,13672425959,7801800660,221843454,712,"",0.98,0.99,0.99,0.99,0.98,1.01,1.00,0.99,"",4769,4.4,6984,0.5,8618,0.6,-2139,-0.1,294222043,2.2,78508495,1.0,17078011,8.3,13,1.9
./2008.q1-q4.by_area/2008.q1-q4 21000 Kentucky -- Statewide.csv:"21000","5","10","51","0","2008","2","","Kentucky -- Statewide","Private","Total, all industries","State, Total -- by ownership sector","All establishment sizes",105222,1496340,1512300,1512068,13595509846,2433833388,67963197,694,"",0.98,0.99,0.99,0.99,0.97,1.02,1.00,0.98,"",-2471,-2.3,168,0.0,827,0.1,-9128,-0.6,205751527,1.5,-69676201,-2.8,2842838,4.4,12,1.8
./2008.q1-q4.by_area/2008.q1-q4 21000 Kentucky -- Statewide.csv:"21000","5","10","51","0","2008","3","","Kentucky -- Statewide","Private","Total, all industries","State, Total -- by ownership sector","All establishment sizes",101674,1501208,1506301,1490118,13437118117,1463089685,40823196,689,"",0.98,1.01,0.99,0.99,1.00,1.02,1.00,1.00,"",-7458,-6.8,-3767,-0.3,-3687,-0.2,-17845,-1.2,259190175,2.0,-38761853,-2.6,1227751,3.1,17,2.5
./2008.q1-q4.by_area/2008.q1-q4 21000 Kentucky -- Statewide.csv:"21000","5","10","51","0","2008","4","","Kentucky -- Statewide","Private","Total, all industries","State, Total -- by ownership sector","All establishment sizes",102380,1481901,1480727,1472445,14500223701,1196366719,33698197,754,"",0.98,0.99,0.99,0.99,0.99,1.03,1.01,1.00,"",-8218,-7.4,-26967,-1.8,-38806,-2.6,-46389,-3.1,77800507,0.5,-120982523,-9.2,-1383552,-3.9,22,3.0
./2008.q1-q4.by_area/2008.q1-q4 22000 Louisiana -- Statewide.csv:"22000","5","10","51","0","2008","1","","Louisiana -- Statewide","Private","Total, all industries","State, Total -- by ownership sector","All establishment sizes",116930,1517059,1527171,1537474,15267334664,7769103117,105787642,769,"",0.98,0.97,0.97,0.97,0.97,1.01,1.00,1.00,"",3317,2.9,26964,1.8,26766,1.8,17000,1.1,875618268,6.1,297536161,4.0,3185829,3.1,33,4.5
./2008.q1-q4.by_area/2008.q1-q4 22000 Louisiana -- Statewide.csv:"22000","5","10","51","0","2008","2","","Louisiana -- Statewide","Private","Total, all industries","State, Total -- by ownership sector","All establishment sizes",117638,1542447,1550407,1553224,15031336203,2304405822,33222797,747,"",0.99,0.97,0.97,0.97,0.98,1.02,1.00,1.01,"",3622,3.2,23125,1.5,20688,1.4,14181,0.9,886194724,6.3,9352695,0.4,-75802,-0.2,36,5.1
./2008.q1-q4.by_area/2008.q1-q4 22000 Louisiana -- Statewide.csv:"22000","5","10","51","0","2008","3","","Louisiana -- Statewide","Private","Total, all industries","State, Total -- by ownership sector","All establishment sizes",118793,1539211,1549999,1527938,15036210073,1506862664,22570593,752,"",0.99,0.97,0.96,0.97,0.97,1.02,1.00,1.00,"",3493,3.0,15222,1.0,13379,0.9,-5165,-0.3,821383805,5.8,-131519411,-8.0,-2008222,-8.2,38,5.3
./2008.q1-q4.by_area/2008.q1-q4 22000 Louisiana -- Statewide.csv:"22000","5","10","51","0","2008","4","","Louisiana -- Statewide","Private","Total, all industries","State, Total -- by ownership sector","All establishment sizes",119862,1547821,1551031,1554866,16967213392,1417525213,22486538,841,"",0.99,0.97,0.97,0.98,0.99,1.03,1.01,1.01,"",4734,4.1,6444,0.4,2170,0.1,171,0.0,997448611,6.2,-36705130,-2.5,47024,0.2,48,6.1
./2008.q1-q4.by_area/2008.q1-q4 23000 Maine -- Statewide.csv:"23000","5","10","51","0","2008","1","","Maine -- Statewide","Private","Total, all industries","State, Total -- by ownership sector","All establishment sizes",47619,485378,481910,482625,4361395710,2872348825,42013639,694,"",0.97,0.99,0.99,0.99,0.97,1.01,1.00,0.98,"",768,1.6,3928,0.8,4565,1.0,2768,0.6,193005946,4.6,54134428,1.9,-5662268,-11.9,25,3.7
./2008.q1-q4.by_area/2008.q1-q4 23000 Maine -- Statewide.csv:"23000","5","10","51","0","2008","2","","Maine -- Statewide","Private","Total, all industries","State, Total -- by ownership sector","All establishment sizes",47571,490294,504138,518440,4315533647,1328717264,22157342,658,"",0.97,0.99,0.99,0.99,0.98,1.02,1.00,0.99,"",808,1.7,4120,0.8,4836,1.0,682,0.1,130664466,3.1,-20563292,-1.5,-3353916,-13.1,16,2.5
./2008.q1-q4.by_area/2008.q1-q4 23000 Maine -- Statewide.csv:"23000","5","10","51","0","2008","3","","Maine -- Statewide","Private","Total, all industries","State, Total -- by ownership sector","All establishment sizes",47780,528224,527701,512010,4517710345,801257506,14503674,665,"",0.97,1.00,1.01,1.00,0.98,1.02,1.00,0.98,"",607,1.3,1320,0.3,-1585,-0.3,-2272,-0.4,159495115,3.7,-41160482,-4.9,-2552745,-15.0,25,3.9
./2008.q1-q4.by_area/2008.q1-q4 23000 Maine -- Statewide.csv:"23000","5","10","51","0","2008","4","","Maine -- Statewide","Private","Total, all industries","State, Total -- by ownership sector","All establishment sizes",48014,505928,496736,492317,4693744749,509320461,8623783,725,"",0.97,0.99,0.99,0.99,0.98,1.03,1.00,0.99,"",644,1.4,-2881,-0.6,-9419,-1.9,-12591,-2.5,78747254,1.7,-43816389,-7.9,-2258810,-20.8,24,3.4
./2008.q1-q4.by_area/2008.q1-q4 24000 Maryland -- Statewide.csv:"24000","5","10","51","0","2008","1","","Maryland -- Statewide","Private","Total, all industries","State, Total -- by ownership sector","All establishment sizes",164805,2038900,2035019,2050702,24773901675,11687630779,199874416,933,"",1.01,0.97,0.97,0.97,0.93,1.01,1.00,0.96,"",2169,1.3,-677,0.0,5025,0.2,-7497,-0.4,612099920,2.5,112433230,1.0,-10385197,-4.9,23,2.5
./2008.q1-q4.by_area/2008.q1-q4 24000 Maryland -- Statewide.csv:"24000","5","10","51","0","2008","2","","Maryland -- Statewide","Private","Total, all industries","State, Total -- by ownership sector","All establishment sizes",163000,2070909,2087443,2102230,23742547590,3318306035,57896115,875,"",1.01,0.97,0.97,0.97,0.94,1.00,1.01,0.97,"",-1162,-0.7,-986,0.0,-5906,-0.3,-17451,-0.8,358776452,1.5,-128064788,-3.7,-5647818,-8.9,16,1.9
./2008.q1-q4.by_area/2008.q1-q4 24000 Maryland -- Statewide.csv:"24000","5","10","51","0","2008","3","","Maryland -- Statewide","Private","Total, all industries","State, Total -- by ownership sector","All establishment sizes",161266,2097367,2091856,2071837,23782344006,2109368990,37187882,877,"",1.01,0.97,0.98,0.97,0.94,1.00,1.01,0.96,"",-1680,-1.0,-18488,-0.9,-22968,-1.1,-27501,-1.3,498950796,2.1,-151315885,-6.7,-5100610,-12.1,28,3.3
./2008.q1-q4.by_area/2008.q1-q4 24000 Maryland -- Statewide.csv:"24000","5","10","51","0","2008","4","","Maryland -- Statewide","Private","Total, all industries","State, Total -- by ownership sector","All establishment sizes",161292,2061280,2051743,2047279,25987614984,1648834357,28938588,974,"",1.01,0.97,0.97,0.97,0.93,0.99,1.01,0.96,"",-4017,-2.4,-27623,-1.3,-41507,-2.0,-54334,-2.6,-14647449,-0.1,-225282881,-12.0,-5644518,-16.3,19,2.0
./2008.q1-q4.by_area/2008.q1-q4 25000 Massachusetts -- Statewide.csv:"25000","5","10","51","0","2008","1","","Massachusetts -- Statewide","Private","Total, all industries","State, Total -- by ownership sector","All establishment sizes",205033,2772326,2766621,2781943,42252761521,20657571680,804847121,1172,"",1.00,1.04,1.04,1.04,1.05,0.95,1.00,1.02,"",2878,1.4,26057,0.9,28774,1.1,29563,1.1,1746497006,4.3,446925707,2.2,-27314089,-3.3,37,3.3
./2008.q1-q4.by_area/2008.q1-q4 25000 Massachusetts -- Statewide.csv:"25000","5","10","51","0","2008","2","","Massachusetts -- Statewide","Private","Total, all industries","State, Total -- by ownership sector","All establishment sizes",206711,2818381,2851329,2889090,38533838528,7492111975,298871194,1039,"",1.00,1.04,1.04,1.04,1.05,0.83,0.99,1.01,"",2715,1.3,24397,0.9,18442,0.7,7263,0.3,1580070295,4.3,-115247206,-1.5,-16041447,-5.1,37,3.7
./2008.q1-q4.by_area/2008.q1-q4 25000 Massachusetts -- Statewide.csv:"25000","5","10","51","0","2008","3","","Massachusetts -- Statewide","Private","Total, all industries","State, Total -- by ownership sector","All establishment sizes",207318,2887687,2882066,2850833,38504036684,4338978381,173200344,1031,"",1.00,1.04,1.05,1.04,1.06,0.77,0.99,1.02,"",1976,1.0,10321,0.4,6272,0.2,2306,0.1,925660310,2.5,-166683054,-3.7,-15348972,-8.1,23,2.3
./2008.q1-q4.by_area/2008.q1-q4 25000 Massachusetts -- Statewide.csv:"25000","5","10","51","0","2008","4","","Massachusetts -- Statewide","Private","Total, all industries","State, Total -- by ownership sector","All establishment sizes",207657,2844326,2822402,2811293,42906948179,3128369811,119814128,1168,"",1.00,1.04,1.04,1.04,1.05,0.67,0.97,1.01,"",1948,0.9,-3818,-0.1,-28243,-1.0,-41043,-1.4,325575840,0.8,-285331334,-8.4,-17542765,-12.8,19,1.7
./2008.q1-q4.by_area/2008.q1-q4 26000 Michigan -- Statewide.csv:"26000","5","10","51","0","2008","1","","Michigan -- Statewide","Private","Total, all industries","State, Total -- by ownership sector","All establishment sizes",251894,3439635,3435019,3436539,38296978256,19678381522,963844721,857,"",1.00,1.01,1.01,1.01,1.01,1.01,1.00,0.99,"",2992,1.2,-31383,-0.9,-41662,-1.2,-57963,-1.7,-343589417,-0.9,-334600386,-1.7,-20824995,-2.1,3,0.4
./2008.q1-q4.by_area/2008.q1-q4 26000 Michigan -- Statewide.csv:"26000","5","10","51","0","2008","2","","Michigan -- Statewide","Private","Total, all industries","State, Total -- by ownership sector","All establishment sizes",251206,3452828,3522063,3556120,36926505257,5879799263,265994106,809,"",1.00,1.01,1.01,1.02,1.01,1.02,1.00,1.00,"",1421,0.6,-82716,-2.3,-82014,-2.3,-83278,-2.3,-246377327,-0.7,-244522162,-4.0,-10900361,-3.9,13,1.6
./2008.q1-q4.by_area/2008.q1-q4 26000 Michigan -- Statewide.csv:"26000","5","10","51","0","2008","3","","Michigan -- Statewide","Private","Total, all industries","State, Total -- by ownership sector","All establishment sizes",252296,3483451,3515765,3487489,36715547322,3545237261,157835606,808,"",1.00,1.01,1.02,1.01,1.01,1.02,1.00,0.99,"",1988,0.8,-105242,-2.9,-112045,-3.1,-119867,-3.3,-764706778,-2.0,-248700149,-6.6,-12357916,-7.3,9,1.1
./2008.q1-q4.by_area/2008.q1-q4 26000 Michigan -- Statewide.csv:"26000","5","10","51","0","2008","4","","Michigan -- Statewide","Private","Total, all industries","State, Total -- by ownership sector","All establishment sizes",249991,3453089,3415389,3376075,39918529100,2544956170,106126339,899,"",1.00,1.01,1.01,1.01,1.01,1.04,1.01,0.99,"",2,0.0,-124844,-3.5,-166141,-4.6,-195161,-5.5,-570842212,-1.4,-423636545,-14.3,-20257418,-16.0,28,3.2
./2008.q1-q4.by_area/2008.q1-q4 27000 Minnesota -- Statewide.csv:"27000","5","10","51","0","2008","1","","Minnesota -- Statewide","Private","Total, all industries","State, Total -- by ownership sector","All establishment sizes",157941,2259941,2252994,2260613,26988645206,19004119577,281083867,919,"",0.98,1.02,1.02,1.02,1.03,1.01,1.00,1.00,"",2587,1.7,11230,0.5,11912,0.5,8846,0.4,1172593005,4.5,711224997,3.9,-13468608,-4.6,35,4.0
./2008.q1-q4.by_area/2008.q1-q4 27000 Minnesota -- Statewide.csv:"27000","5","10","51","0","2008","2","","Minnesota -- Statewide","Private","Total, all industries","State, Total -- by ownership sector","All establishment sizes",159627,2280807,2325630,2352326,25424431641,12352896766,198866059,843,"",0.98,1.02,1.02,1.02,1.03,1.02,1.00,1.01,"",1296,0.8,-1682,-0.1,-4457,-0.2,-12816,-0.5,271044355,1.1,230959071,1.9,-9711677,-4.7,11,1.3
./2008.q1-q4.by_area/2008.q1-q4 27000 Minnesota -- Statewide.csv:"27000","5","10","51","0","2008","3","","Minnesota -- Statewide","Private","Total, all industries","State, Total -- by ownership sector","All establishment sizes",161478,2349116,2356653,2324824,26334065673,7523113771,131263973,864,"",0.98,1.03,1.03,1.03,1.04,1.02,1.00,1.01,"",765,0.5,-12961,-0.5,-13575,-0.6,-19348,-0.8,1041284830,4.1,169166875,2.3,-1498754,-1.1,39,4.7
./2008.q1-q4.by_area/2008.q1-q4 27000 Minnesota -- Statewide.csv:"27000","5","10","51","0","2008","4","","Minnesota -- Statewide","Private","Total, all industries","State, Total -- by ownership sector","All establishment sizes",162855,2320184,2295426,2271755,27353836363,4787291903,73796801,917,"",0.98,1.03,1.02,1.02,1.03,1.03,1.00,1.01,"",-102,-0.1,-18995,-0.8,-39076,-1.7,-52030,-2.2,213920063,0.8,-104369409,-2.1,-5406498,-6.8,22,2.5
./2008.q1-q4.by_area/2008.q1-q4 28000 Mississippi -- Statewide.csv:"28000","5","10","51","0","2008","1","","Mississippi -- Statewide","Private","Total, all industries","State, Total -- by ownership sector","All establishment sizes",66404,889376,892769,897451,7236033437,4379381155,55241586,623,"",0.98,0.94,0.94,0.94,0.92,0.99,0.98,0.98,"",1339,2.1,4521,0.5,5388,0.6,5182,0.6,248457341,3.6,68355751,1.6,-2091865,-3.6,18,3.0
./2008.q1-q4.by_area/2008.q1-q4 28000 Mississippi -- Statewide.csv:"28000","5","10","51","0","2008","2","","Mississippi -- Statewide","Private","Total, all industries","State, Total -- by ownership sector","All establishment sizes",66428,901157,902092,898239,7209602055,1385568162,18994112,616,"",0.98,0.94,0.94,0.94,0.93,1.00,0.99,0.99,"",792,1.2,4357,0.5,1890,0.2,-2412,-0.3,308307937,4.5,-5656262,-0.4,-238124,-1.2,26,4.4
./2008.q1-q4.by_area/2008.q1-q4 28000 Mississippi -- Statewide.csv:"28000","5","10","51","0","2008","3","","Mississippi -- Statewide","Private","Total, all industries","State, Total -- by ownership sector","All establishment sizes",66721,885680,890064,888126,7147276701,819785316,11061996,619,"",0.98,0.93,0.93,0.94,0.92,1.01,0.99,0.99,"",778,1.2,-8089,-0.9,-12300,-1.4,-16843,-1.9,184240218,2.6,-45539248,-5.3,-902412,-7.5,24,4.0
./2008.q1-q4.by_area/2008.q1-q4 28000 Mississippi -- Statewide.csv:"28000","5","10","51","0","2008","4","","Mississippi -- Statewide","Private","Total, all industries","State, Total -- by ownership sector","All establishment sizes",66758,883940,880553,873568,7655722989,682567336,9746559,670,"",0.98,0.94,0.94,0.94,0.92,1.02,1.00,0.99,"",674,1.0,-17424,-1.9,-26589,-2.9,-35773,-3.9,35965468,0.5,-84999195,-11.1,-1645243,-14.4,23,3.6
./2008.q1-q4.by_area/2008.q1-q4 29000 Missouri -- Statewide.csv:"29000","5","10","51","0","2008","1","","Missouri -- Statewide","Private","Total, all industries","State, Total -- by ownership sector","All establishment sizes",165324,2246118,2248284,2269196,22953492185,14262665362,307135946,783,"",0.98,1.00,1.00,1.00,1.01,1.00,1.00,1.01,"",2091,1.3,17684,0.8,17244,0.8,-2510,-0.1,917042141,4.2,762312689,5.6,15599951,5.4,28,3.7
./2008.q1-q4.by_area/2008.q1-q4 29000 Missouri -- Statewide.csv:"29000","5","10","51","0","2008","2","","Missouri -- Statewide","Private","Total, all industries","State, Total -- by ownership sector","All establishment sizes",165440,2293487,2310966,2322561,22322645170,6119169676,135641292,744,"",0.98,1.00,1.00,1.00,1.00,1.01,1.00,1.00,"",723,0.4,444,0.0,-1813,-0.1,-5706,-0.2,689391396,3.2,575219200,10.4,10728052,8.6,24,3.3
./2008.q1-q4.by_area/2008.q1-q4 29000 Missouri -- Statewide.csv:"29000","5","10","51","0","2008","3","","Missouri -- Statewide","Private","Total, all industries","State, Total -- by ownership sector","All establishment sizes",165629,2308240,2310621,2297356,22285046851,3342111230,75326214,744,"",0.98,1.01,1.01,1.00,1.02,1.02,1.00,1.02,"",-160,-0.1,-4408,-0.2,-13081,-0.6,-17849,-0.8,521652436,2.4,227963882,7.3,3497676,4.9,22,3.0
./2008.q1-q4.by_area/2008.q1-q4 29000 Missouri -- Statewide.csv:"29000","5","10","51","0","2008","4","","Missouri -- Statewide","Private","Total, all industries","State, Total -- by ownership sector","All establishment sizes",165810,2286500,2271428,2256391,25470784412,2427385738,56005844,863,"",0.98,1.00,1.00,1.00,1.02,1.03,1.00,1.02,"",-411,-0.2,-20351,-0.9,-39152,-1.7,-51332,-2.2,1643183665,6.9,-3937705,-0.2,-264087,-0.5,69,8.7
./2008.q1-q4.by_area/2008.q1-q4 30000 Montana -- Statewide.csv:"30000","5","10","51","0","2008","1","","Montana -- Statewide","Private","Total, all industries","State, Total -- by ownership sector","All establishment sizes",40462,346121,346373,349816,2725257582,2185728762,22067439,603,"",0.98,0.97,0.97,0.97,0.93,0.86,0.92,0.96,"",963,2.4,6569,1.9,5958,1.8,3537,1.0,152654336,5.9,107358773,5.2,-4647119,-17.4,25,4.3
./2008.q1-q4.by_area/2008.q1-q4 30000 Montana -- Statewide.csv:"30000","5","10","51","0","2008","2","","Montana -- Statewide","Private","Total, all industries","State, Total -- by ownership sector","All establishment sizes",40703,353010,359102,366647,2757294933,1735779582,19540794,590,"",0.98,0.97,0.97,0.97,0.92,0.84,0.91,0.95,"",691,1.7,2296,0.7,1310,0.4,-539,-0.1,83994453,3.1,43590085,2.6,-4512507,-18.8,16,2.8
./2008.q1-q4.by_area/2008.q1-q4 30000 Montana -- Statewide.csv:"30000","5","10","51","0","2008","3","","Montana -- Statewide","Private","Total, all industries","State, Total -- by ownership sector","All establishment sizes",40855,369814,370396,362562,2891888680,1279567325,15499432,605,"",0.98,0.99,0.99,0.97,0.95,0.79,0.90,0.97,"",360,0.9,527,0.1,-773,-0.2,-1375,-0.4,100261791,3.6,36324562,2.9,-2698703,-14.8,22,3.8
./2008.q1-q4.by_area/2008.q1-q4 30000 Montana -- Statewide.csv:"30000","5","10","51","0","2008","4","","Montana -- Statewide","Private","Total, all industries","State, Total -- by ownership sector","All establishment sizes",40863,356039,350387,349394,3012123608,865292859,9802994,658,"",0.98,0.96,0.96,0.97,0.94,0.71,0.86,0.97,"",311,0.8,-3541,-1.0,-6478,-1.8,-8526,-2.4,7502207,0.2,-19557153,-2.2,-2506651,-20.4,13,2.0
./2008.q1-q4.by_area/2008.q1-q4 31000 Nebraska -- Statewide.csv:"31000","5","10","51","0","2008","1","","Nebraska -- Statewide","Private","Total, all industries","State, Total -- by ownership sector","All establishment sizes",55237,750572,751135,757565,6654620216,4069527308,54811033,680,"",0.97,0.99,0.99,0.99,0.97,1.00,1.00,0.98,"",824,1.5,13854,1.9,13537,1.8,12923,1.7,315584671,5.0,139737788,3.6,-8626388,-13.6,21,3.2
./2008.q1-q4.by_area/2008.q1-q4 31000 Nebraska -- Statewide.csv:"31000","5","10","51","0","2008","2","","Nebraska -- Statewide","Private","Total, all industries","State, Total -- by ownership sector","All establishment sizes",55683,764570,772599,775806,6676653308,1395114479,19872143,666,"",0.97,0.99,0.99,0.99,0.99,1.01,1.00,1.00,"",786,1.4,10226,1.4,9172,1.2,4881,0.6,265380374,4.1,-28109594,-2.0,-4041097,-16.9,20,3.1
./2008.q1-q4.by_area/2008.q1-q4 31000 Nebraska -- Statewide.csv:"31000","5","10","51","0","2008","3","","Nebraska -- Statewide","Private","Total, all industries","State, Total -- by ownership sector","All establishment sizes",56258,778939,777484,770221,6886140570,816719314,11753432,683,"",0.97,0.98,0.99,0.99,0.98,1.02,1.00,0.99,"",919,1.7,105,0.0,-612,-0.1,883,0.1,301902813,4.6,-35259633,-4.1,-3037912,-20.5,30,4.6
./2008.q1-q4.by_area/2008.q1-q4 31000 Nebraska -- Statewide.csv:"31000","5","10","51","0","2008","4","","Nebraska -- Statewide","Private","Total, all industries","State, Total -- by ownership sector","All establishment sizes",55669,771641,768367,764997,7239050385,648807346,9129253,725,"",0.97,0.99,0.99,0.99,0.98,1.03,1.00,0.99,"",787,1.4,3230,0.4,-2009,-0.3,-4823,-0.6,394661,0.0,-53735556,-7.6,-2604359,-22.2,1,0.1
./2008.q1-q4.by_area/2008.q1-q4 32000 Nevada -- Statewide.csv:"32000","5","10","51","0","2008","1","","Nevada -- Statewide","Private","Total, all industries","State, Total -- by ownership sector","All establishment sizes",75413,1107103,1104975,1107172,11829421574,9922659298,129766043,822,"",1.02,1.05,1.05,1.05,1.02,1.01,1.00,0.97,"",2746,3.8,-4964,-0.4,-15837,-1.4,-20470,-1.8,406639828,3.6,262922966,2.7,-2452071,-1.9,38,4.8
./2008.q1-q4.by_area/2008.q1-q4 32000 Nevada -- Statewide.csv:"32000","5","10","51","0","2008","2","","Nevada -- Statewide","Private","Total, all industries","State, Total -- by ownership sector","All establishment sizes",75642,1111233,1115595,1114145,11211231674,7232426607,95237345,774,"",1.02,1.05,1.04,1.04,1.03,1.02,1.00,0.99,"",2243,3.1,-18653,-1.7,-23425,-2.1,-28517,-2.5,18369519,0.2,1125584,0.0,-5886591,-5.8,17,2.2
./2008.q1-q4.by_area/2008.q1-q4 32000 Nevada -- Statewide.csv:"32000","5","10","51","0","2008","3","","Nevada -- Statewide","Private","Total, all industries","State, Total -- by ownership sector","All establishment sizes",76219,1106259,1103056,1095266,11165931563,4920548335,66064204,780,"",1.02,1.03,1.04,1.04,1.01,1.02,1.00,0.97,"",2106,2.8,-29034,-2.6,-34510,-3.0,-37118,-3.3,-138449826,-1.2,-56354891,-1.1,-4592532,-6.5,14,1.8
./2008.q1-q4.by_area/2008.q1-q4 32000 Nevada -- Statewide.csv:"32000","5","10","51","0","2008","4","","Nevada -- Statewide","Private","Total, all industries","State, Total -- by ownership sector","All establishment sizes",76375,1081458,1066395,1049699,11653223734,3315841432,47863346,841,"",1.02,1.04,1.04,1.04,1.02,1.04,1.00,0.97,"",1080,1.4,-51425,-4.5,-68827,-6.1,-84172,-7.4,-1035517800,-8.2,-314301238,-8.7,-7232687,-13.1,-20,-2.3
./2008.q1-q4.by_area/2008.q1-q4 33000 New Hampshire -- Statewide.csv:"33000","5","10","51","0","2008","1","","New Hampshire -- Statewide","Private","Total, all industries","State, Total -- by ownership sector","All establishment sizes",46286,534596,530322,530522,6067486287,2838104460,34827592,878,"",0.99,1.02,1.02,1.02,1.03,1.01,1.01,1.01,"",295,0.6,3904,0.7,2247,0.4,696,0.1,232950029,4.0,32756223,1.2,-374431,-1.1,30,3.5
./2008.q1-q4.by_area/2008.q1-q4 33000 New Hampshire -- Statewide.csv:"33000","5","10","51","0","2008","2","","New Hampshire -- Statewide","Private","Total, all industries","State, Total -- by ownership sector","All establishment sizes",46874,534775,543990,554169,5858810599,745225534,9331457,828,"",0.99,1.02,1.02,1.03,1.03,1.02,1.01,1.01,"",285,0.6,1919,0.4,107,0.0,-2719,-0.5,38398695,0.7,-20767804,-2.7,-347618,-3.6,6,0.7
./2008.q1-q4.by_area/2008.q1-q4 33000 New Hampshire -- Statewide.csv:"33000","5","10","51","0","2008","3","","New Hampshire -- Statewide","Private","Total, all industries","State, Total -- by ownership sector","All establishment sizes",47311,557828,557669,545337,5945996032,514522763,6294895,826,"",0.99,1.04,1.04,1.02,1.05,1.03,1.01,1.01,"",235,0.5,-1775,-0.3,-1702,-0.3,-3630,-0.7,140450506,2.4,-26188955,-4.8,-176236,-2.7,23,2.9
./2008.q1-q4.by_area/2008.q1-q4 33000 New Hampshire -- Statewide.csv:"33000","5","10","51","0","2008","4","","New Hampshire -- Statewide","Private","Total, all industries","State, Total -- by ownership sector","All establishment sizes",47320,541333,535788,534536,6654566446,372540785,4551111,953,"",0.99,1.02,1.02,1.02,1.04,1.04,1.01,1.02,"",236,0.5,-2407,-0.4,-8541,-1.6,-13227,-2.4,6479853,0.1,-51363535,-12.1,-608879,-11.8,15,1.6
./2008.q1-q4.by_area/2008.q1-q4 34000 New Jersey -- Statewide.csv:"34000","5","10","51","0","2008","1","","New Jersey -- Statewide","Private","Total, all industries","State, Total -- by ownership sector","All establishment sizes",268560,3278587,3268271,3293296,48794446249,33496224918,676007608,1144,"",1.01,1.00,1.00,1.00,1.00,0.99,1.00,1.00,"",6892,2.6,15393,0.5,18506,0.6,13147,0.4,1909536762,4.1,1194955469,3.7,26171419,4.0,39,3.5
./2008.q1-q4.by_area/2008.q1-q4 34000 New Jersey -- Statewide.csv:"34000","5","10","51","0","2008","2","","New Jersey -- Statewide","Private","Total, all industries","State, Total -- by ownership sector","All establishment sizes",267936,3321357,3355021,3403438,42859938401,19903621400,412953951,981,"",1.01,1.00,1.00,1.00,0.99,1.00,1.00,0.99,"",2518,0.9,8648,0.3,-12225,-0.4,-22784,-0.7,413667571,1.0,349955610,1.8,8239511,2.0,12,1.2
./2008.q1-q4.by_area/2008.q1-q4 34000 New Jersey -- Statewide.csv:"34000","5","10","51","0","2008","3","","New Jersey -- Statewide","Private","Total, all industries","State, Total -- by ownership sector","All establishment sizes",264307,3379945,3362387,3332200,43001869647,12468203743,253954770,985,"",1.01,1.02,1.03,1.01,1.02,1.01,1.00,1.00,"",-1255,-0.5,-28895,-0.8,-33763,-1.0,-34885,-1.0,718340501,1.7,12625651,0.1,-8675401,-3.3,26,2.7
./2008.q1-q4.by_area/2008.q1-q4 34000 New Jersey -- Statewide.csv:"34000","5","10","51","0","2008","4","","New Jersey -- Statewide","Private","Total, all industries","State, Total -- by ownership sector","All establishment sizes",263793,3303711,3286900,3277911,47813575198,9416414234,188991902,1118,"",1.01,1.00,1.00,1.00,1.00,1.02,1.00,0.99,"",-2498,-0.9,-61240,-1.8,-88125,-2.6,-107738,-3.2,-86172718,-0.2,288332400,3.2,-4364411,-2.3,26,2.4
./2008.q1-q4.by_area/2008.q1-q4 35000 New Mexico -- Statewide.csv:"35000","5","10","51","0","2008","1","","New Mexico -- Statewide","Private","Total, all industries","State, Total -- by ownership sector","All establishment sizes",50448,628016,630687,633958,5711982079,4708665960,43213520,696,"",0.97,0.92,0.92,0.92,0.89,0.99,0.98,0.96,"",810,1.6,8062,1.3,6795,1.1,2973,0.5,325457375,6.0,271450758,6.1,3793374,9.6,33,5.0
./2008.q1-q4.by_area/2008.q1-q4 35000 New Mexico -- Statewide.csv:"35000","5","10","51","0","2008","2","","New Mexico -- Statewide","Private","Total, all industries","State, Total -- by ownership sector","All establishment sizes",50657,636429,640490,646183,5682240181,3030715400,29106164,682,"",0.97,0.92,0.92,0.92,0.89,0.99,0.98,0.97,"",981,2.0,6467,1.0,3903,0.6,1354,0.2,266765818,4.9,235089713,8.4,2872142,10.9,28,4.3
./2008.q1-q4.by_area/2008.q1-q4 35000 New Mexico -- Statewide.csv:"35000","5","10","51","0","2008","3","","New Mexico -- Statewide","Private","Total, all industries","State, Total -- by ownership sector","All establishment sizes",50871,644754,648882,644741,5781308474,2014771021,20575548,688,"",0.96,0.93,0.92,0.92,0.90,1.00,0.98,0.97,"",771,1.5,1256,0.2,1296,0.2,1677,0.3,213100688,3.8,142810860,7.6,1523764,8.0,24,3.6
./2008.q1-q4.by_area/2008.q1-q4 35000 New Mexico -- Statewide.csv:"35000","5","10","51","0","2008","4","","New Mexico -- Statewide","Private","Total, all industries","State, Total -- by ownership sector","All establishment sizes",51244,640314,633090,628604,6208494744,1518175133,16346521,753,"",0.97,0.92,0.92,0.92,0.90,1.01,0.98,0.98,"",525,1.0,-1845,-0.3,-8917,-1.4,-13930,-2.2,141450201,2.3,51636488,3.5,635677,4.0,26,3.6
./2008.q1-q4.by_area/2008.q1-q4 36000 New York -- Statewide.csv:"36000","5","10","51","0","2008","1","","New York -- Statewide","Private","Total, all industries","State, Total -- by ownership sector","All establishment sizes",566604,7028551,7033714,7071272,136813393922,38701204792,1314888661,1494,"",1.02,0.99,0.99,0.99,1.05,1.01,1.00,1.06,"",6581,1.2,102399,1.5,108296,1.6,90165,1.3,1813879811,1.3,830492574,2.2,8286463,0.6,-1,-0.1
./2008.q1-q4.by_area/2008.q1-q4 36000 New York -- Statewide.csv:"36000","5","10","51","0","2008","2","","New York -- Statewide","Private","Total, all industries","State, Total -- by ownership sector","All establishment sizes",569495,7131010,7200398,7268461,97281354066,10701135317,370251062,1039,"",1.02,0.99,0.99,0.99,1.00,1.02,1.01,1.02,"",6285,1.1,96086,1.4,69746,1.0,46447,0.6,2735606328,2.9,-217609783,-2.0,-8720263,-2.3,19,1.9
./2008.q1-q4.by_area/2008.q1-q4 36000 New York -- Statewide.csv:"36000","5","10","51","0","2008","3","","New York -- Statewide","Private","Total, all industries","State, Total -- by ownership sector","All establishment sizes",572226,7225327,7216462,7194133,98039256375,6997485924,250478797,1046,"",1.02,0.99,1.00,0.99,1.02,1.03,1.01,1.03,"",6632,1.2,45935,0.6,50725,0.7,36488,0.5,2603065139,2.7,-301531054,-4.1,-11160909,-4.3,22,2.1
./2008.q1-q4.by_area/2008.q1-q4 36000 New York -- Statewide.csv:"36000","5","10","51","0","2008","4","","New York -- Statewide","Private","Total, all industries","State, Total -- by ownership sector","All establishment sizes",570450,7213893,7194541,7181668,112627253891,5268550391,186395276,1204,"",1.02,0.99,0.99,0.99,1.02,1.04,1.01,1.03,"",5479,1.0,-5198,-0.1,-56800,-0.8,-94682,-1.3,277000811,0.2,-585437075,-10.0,-22218499,-10.7,12,1.0
./2008.q1-q4.by_area/2008.q1-q4 37000 North Carolina -- Statewide.csv:"37000","5","10","51","0","2008","1","","North Carolina -- Statewide","Private","Total, all industries","State, Total -- by ownership sector","All establishment sizes",249730,3340883,3352870,3369902,34468552115,25098748278,459468346,790,"",1.00,0.99,0.99,0.99,0.99,1.01,1.00,0.99,"",9101,3.8,47244,1.4,42394,1.3,23183,0.7,668717550,2.0,1025011771,4.3,-427109,-0.1,6,0.8
./2008.q1-q4.by_area/2008.q1-q4 37000 North Carolina -- Statewide.csv:"37000","5","10","51","0","2008","2","","North Carolina -- Statewide","Private","Total, all industries","State, Total -- by ownership sector","All establishment sizes",248279,3365586,3387553,3399083,32017351363,15168038310,276483608,728,"",1.00,0.99,0.99,0.99,1.00,1.02,1.01,1.01,"",5537,2.3,5306,0.2,-7413,-0.2,-28780,-0.8,633553704,2.0,369010613,2.5,-3642213,-1.3,17,2.4
./2008.q1-q4.by_area/2008.q1-q4 37000 North Carolina -- Statewide.csv:"37000","5","10","51","0","2008","3","","North Carolina -- Statewide","Private","Total, all industries","State, Total -- by ownership sector","All establishment sizes",249340,3386342,3388420,3363110,31918796328,8942653702,156420904,727,"",1.00,1.00,0.98,0.98,0.98,1.03,1.01,0.99,"",3931,1.6,-28567,-0.8,-39654,-1.2,-52354,-1.5,550263660,1.8,84398283,1.0,-5591743,-3.5,21,3.0
./2008.q1-q4.by_area/2008.q1-q4 37000 North Carolina -- Statewide.csv:"37000","5","10","51","0","2008","4","","North Carolina -- Statewide","Private","Total, all industries","State, Total -- by ownership sector","All establishment sizes",250184,3341308,3315262,3292958,33909404831,6083769790,104156996,786,"",1.00,0.99,0.99,0.99,0.98,1.04,1.01,0.99,"",1603,0.6,-76677,-2.2,-111542,-3.3,-136435,-4.0,-462527400,-1.3,-366670194,-5.7,-12381004,-10.6,14,1.8
./2008.q1-q4.by_area/2008.q1-q4 38000 North Dakota -- Statewide.csv:"38000","5","10","51","0","2008","1","","North Dakota -- Statewide","Private","Total, all industries","State, Total -- by ownership sector","All establishment sizes",23147,274397,274826,277804,2327149688,1791796549,12713480,649,"",0.94,0.97,0.97,0.97,0.95,0.99,0.98,0.99,"",516,2.3,7997,3.0,8602,3.2,8813,3.3,215222074,10.2,157408002,9.6,-2870988,-18.4,41,6.7
./2008.q1-q4.by_area/2008.q1-q4 38000 North Dakota -- Statewide.csv:"38000","5","10","51","0","2008","2","","North Dakota -- Statewide","Private","Total, all industries","State, Total -- by ownership sector","All establishment sizes",23367,281985,287557,291375,2385523008,1354719980,13743748,639,"",0.94,0.97,0.97,0.97,0.96,1.00,0.98,0.99,"",456,2.0,9485,3.5,8540,3.1,8598,3.0,204753564,9.4,107660009,8.6,-1055534,-7.1,36,6.0
./2008.q1-q4.by_area/2008.q1-q4 38000 North Dakota -- Statewide.csv:"38000","5","10","51","0","2008","3","","North Dakota -- Statewide","Private","Total, all industries","State, Total -- by ownership sector","All establishment sizes",23511,291823,292296,291754,2526749409,917879688,11931976,666,"",0.94,0.98,0.98,0.97,0.99,1.00,0.99,1.01,"",499,2.2,9043,3.2,9308,3.3,9056,3.2,252527836,11.1,88813114,10.7,325931,2.8,47,7.6
./2008.q1-q4.by_area/2008.q1-q4 38000 North Dakota -- Statewide.csv:"38000","5","10","51","0","2008","4","","North Dakota -- Statewide","Private","Total, all industries","State, Total -- by ownership sector","All establishment sizes",23546,291996,289595,287740,2743014086,610671033,6893518,728,"",0.94,0.97,0.97,0.97,0.98,1.01,0.99,1.00,"",411,1.8,8451,3.0,7305,2.6,6048,2.1,198549177,7.8,37488589,6.5,-443235,-6.0,35,5.1
./2008.q1-q4.by_area/2008.q1-q4 39000 Ohio -- Statewide.csv:"39000","5","10","51","0","2008","1","","Ohio -- Statewide","Private","Total, all industries","State, Total -- by ownership sector","All establishment sizes",280755,4436549,4426875,4429220,45577813354,24837666759,629198925,791,"",0.98,1.02,1.02,1.02,1.00,1.01,1.00,0.98,"",4723,1.7,-15306,-0.3,-5838,-0.1,-49959,-1.1,126346677,0.3,-60868216,-0.2,7441473,1.2,6,0.8
./2008.q1-q4.by_area/2008.q1-q4 39000 Ohio -- Statewide.csv:"39000","5","10","51","0","2008","2","","Ohio -- Statewide","Private","Total, all industries","State, Total -- by ownership sector","All establishment sizes",279029,4491601,4543468,4564242,43789527000,7868441639,204266529,743,"",0.98,1.02,1.02,1.02,1.02,1.02,1.01,1.00,"",2147,0.8,-38073,-0.8,-45353,-1.0,-66808,-1.4,352333111,0.8,-308619473,-3.8,-4035361,-1.9,14,1.9
./2008.q1-q4.by_area/2008.q1-q4 39000 Ohio -- Statewide.csv:"39000","5","10","51","0","2008","3","","Ohio -- Statewide","Private","Total, all industries","State, Total -- by ownership sector","All establishment sizes",278762,4544811,4549988,4505867,44350672492,4547897118,120135102,753,"",0.98,1.01,1.02,1.02,1.01,1.03,1.01,0.99,"",480,0.2,-57441,-1.2,-68436,-1.5,-78848,-1.7,672176298,1.5,-284337711,-5.9,-3236812,-2.6,23,3.2
./2008.q1-q4.by_area/2008.q1-q4 39000 Ohio -- Statewide.csv:"39000","5","10","51","0","2008","4","","Ohio -- Statewide","Private","Total, all industries","State, Total -- by ownership sector","All establishment sizes",277993,4475624,4438167,4409087,46640065469,3393907399,86512754,808,"",0.98,1.02,1.02,1.02,1.01,1.04,1.01,0.99,"",-1124,-0.4,-98774,-2.2,-146418,-3.2,-171061,-3.7,-422954476,-0.9,-518715519,-13.3,-11749725,-12.0,18,2.3
./2008.q1-q4.by_area/2008.q1-q4 40000 Oklahoma -- Statewide.csv:"40000","5","10","51","0","2008","1","","Oklahoma -- Statewide","Private","Total, all industries","State, Total -- by ownership sector","All establishment sizes",95215,1214477,1221954,1231575,11353755567,8279355204,60585145,714,"",0.98,0.95,0.95,0.95,0.95,0.96,0.94,1.00,"",2349,2.5,33879,2.9,32861,2.8,22418,1.9,781704307,7.4,530814377,6.9,-26252298,-30.2,32,4.7
./2008.q1-q4.by_area/2008.q1-q4 40000 Oklahoma -- Statewide.csv:"40000","5","10","51","0","2008","2","","Oklahoma -- Statewide","Private","Total, all industries","State, Total -- by ownership sector","All establishment sizes",95135,1239398,1247189,1250564,11086483376,4262618638,32594374,685,"",0.98,0.95,0.95,0.95,0.94,0.96,0.93,0.99,"",1336,1.4,32340,2.7,30842,2.5,23230,1.9,785874957,7.6,238126814,5.9,-13355051,-29.1,34,5.2
./2008.q1-q4.by_area/2008.q1-q4 40000 Oklahoma -- Statewide.csv:"40000","5","10","51","0","2008","3","","Oklahoma -- Statewide","Private","Total, all industries","State, Total -- by ownership sector","All establishment sizes",95500,1247732,1252117,1248594,11327293247,2487886595,18803371,697,"",0.98,0.96,0.95,0.95,0.96,0.97,0.95,1.01,"",1624,1.7,25108,2.1,20420,1.7,21050,1.7,727674432,6.9,89282646,3.7,-8854568,-32.0,33,5.0
./2008.q1-q4.by_area/2008.q1-q4 40000 Oklahoma -- Statewide.csv:"40000","5","10","51","0","2008","4","","Oklahoma -- Statewide","Private","Total, all industries","State, Total -- by ownership sector","All establishment sizes",95501,1243202,1242590,1241212,12284407912,1909624879,14864963,761,"",0.98,0.95,0.95,0.95,0.96,0.99,0.96,1.01,"",603,0.6,15129,1.2,6654,0.5,8648,0.7,579116718,4.9,11712884,0.6,-7820949,-34.5,30,4.1
./2008.q1-q4.by_area/2008.q1-q4 41000 Oregon -- Statewide.csv:"41000","5","10","51","0","2008","1","","Oregon -- Statewide","Private","Total, all industries","State, Total -- by ownership sector","All establishment sizes",123259,1412302,1420039,1426657,14289246659,11545348869,191127678,774,"",0.99,1.00,1.00,1.00,0.99,1.01,1.00,0.99,"",-4528,-3.5,5673,0.4,2427,0.2,-3866,-0.3,429441043,3.1,337293654,3.0,-23667212,-11.0,22,2.9
./2008.q1-q4.by_area/2008.q1-q4 41000 Oregon -- Statewide.csv:"41000","5","10","51","0","2008","2","","Oregon -- Statewide","Private","Total, all industries","State, Total -- by ownership sector","All establishment sizes",121498,1433428,1441569,1454783,14020192832,8861594457,150975241,747,"",0.99,1.00,0.99,0.99,0.99,1.01,1.00,0.99,"",-912,-0.7,-2113,-0.1,-7033,-0.5,-22191,-1.5,277035495,2.0,117821044,1.3,-20270866,-11.8,20,2.8
./2008.q1-q4.by_area/2008.q1-q4 41000 Oregon -- Statewide.csv:"41000","5","10","51","0","2008","3","","Oregon -- Statewide","Private","Total, all industries","State, Total -- by ownership sector","All establishment sizes",123314,1477592,1472581,1458057,14379773362,6577927919,113526669,753,"",0.99,1.01,1.01,1.00,1.00,1.02,1.00,0.99,"",-1328,-1.1,-14513,-1.0,-21116,-1.4,-25022,-1.7,73190910,0.5,44124794,0.7,-15763921,-12.2,14,1.9
./2008.q1-q4.by_area/2008.q1-q4 41000 Oregon -- Statewide.csv:"41000","5","10","51","0","2008","4","","Oregon -- Statewide","Private","Total, all industries","State, Total -- by ownership sector","All establishment sizes",124477,1439562,1410557,1387225,14744624176,4491713074,76816115,803,"",0.99,1.00,0.99,0.99,0.99,1.03,1.00,0.99,"",-2231,-1.8,-33027,-2.2,-54982,-3.8,-72376,-5.0,-431041398,-2.8,-172057854,-3.7,-15132904,-16.5,7,0.9
./2008.q1-q4.by_area/2008.q1-q4 42000 Pennsylvania -- Statewide.csv:"42000","5","10","51","0","2008","1","","Pennsylvania -- Statewide","Private","Total, all industries","State, Total -- by ownership sector","All establishment sizes",326201,4860438,4843475,4873568,54954303475,24955681201,1171627810,870,"",0.99,1.04,1.04,1.04,1.03,1.01,1.00,0.99,"",4146,1.3,37155,0.8,45715,1.0,26695,0.6,1632592248,3.1,522892076,2.1,-65261960,-5.3,19,2.2
./2008.q1-q4.by_area/2008.q1-q4 42000 Pennsylvania -- Statewide.csv:"42000","5","10","51","0","2008","2","","Pennsylvania -- Statewide","Private","Total, all industries","State, Total -- by ownership sector","All establishment sizes",327865,4935052,4988232,5014517,52731924729,6868126988,321571724,815,"",0.99,1.04,1.04,1.04,1.04,1.02,1.01,1.00,"",3450,1.1,33777,0.7,27884,0.6,1268,0.0,1862176589,3.7,-124131120,-1.8,-26867725,-7.7,26,3.3
./2008.q1-q4.by_area/2008.q1-q4 42000 Pennsylvania -- Statewide.csv:"42000","5","10","51","0","2008","3","","Pennsylvania -- Statewide","Private","Total, all industries","State, Total -- by ownership sector","All establishment sizes",328325,4999890,4991820,4957273,52691875193,4218079264,193437147,813,"",0.99,1.04,1.04,1.04,1.04,1.03,1.01,1.00,"",2394,0.7,3539,0.1,-264,0.0,-6729,-0.1,1443845257,2.8,-209878495,-4.7,-23472567,-10.8,22,2.8
./2008.q1-q4.by_area/2008.q1-q4 42000 Pennsylvania -- Statewide.csv:"42000","5","10","51","0","2008","4","","Pennsylvania -- Statewide","Private","Total, all industries","State, Total -- by ownership sector","All establishment sizes",328052,4950908,4920978,4903992,57364553995,3230941451,146604061,896,"",0.99,1.04,1.04,1.04,1.04,1.04,1.01,1.00,"",1778,0.5,-27067,-0.5,-63869,-1.3,-79103,-1.6,794782528,1.4,-396735635,-10.9,-29804316,-16.9,23,2.6
./2008.q1-q4.by_area/2008.q1-q4 44000 Rhode Island -- Statewide.csv:"44000","5","10","51","0","2008","1","","Rhode Island -- Statewide","Private","Total, all industries","State, Total -- by ownership sector","All establishment sizes",35057,400333,399623,400904,4295866665,2585550462,83581644,826,"",1.01,1.03,1.03,1.03,0.99,1.01,1.00,0.96,"",-307,-0.9,-7428,-1.8,-6545,-1.6,-7037,-1.7,11081803,0.3,-33425541,-1.3,-1170832,-1.4,17,2.1
./2008.q1-q4.by_area/2008.q1-q4 44000 Rhode Island -- Statewide.csv:"44000","5","10","51","0","2008","2","","Rhode Island -- Statewide","Private","Total, all industries","State, Total -- by ownership sector","All establishment sizes",35086,408214,412746,417929,4010528892,1251082549,43583511,747,"",1.01,1.03,1.03,1.03,0.99,1.02,1.00,0.95,"",-302,-0.9,-7398,-1.8,-8969,-2.1,-10558,-2.5,22691198,0.6,-59584518,-4.5,-1796995,-4.0,20,2.8
./2008.q1-q4.by_area/2008.q1-q4 44000 Rhode Island -- Statewide.csv:"44000","5","10","51","0","2008","3","","Rhode Island -- Statewide","Private","Total, all industries","State, Total -- by ownership sector","All establishment sizes",35090,412770,413921,413266,3980973670,704222885,25238257,741,"",1.01,1.04,1.04,1.03,1.00,1.02,1.01,0.96,"",-448,-1.3,-10945,-2.6,-9700,-2.3,-8736,-2.1,-13860141,-0.3,-39987676,-5.4,-1302337,-4.9,15,2.1
./2008.q1-q4.by_area/2008.q1-q4 44000 Rhode Island -- Statewide.csv:"44000","5","10","51","0","2008","4","","Rhode Island -- Statewide","Private","Total, all industries","State, Total -- by ownership sector","All establishment sizes",35096,409493,404834,401527,4477888876,473437624,16076270,850,"",1.01,1.04,1.04,1.04,0.99,1.04,1.01,0.96,"",-313,-0.9,-10421,-2.5,-13205,-3.2,-15059,-3.6,104521727,2.4,-49073045,-9.4,-1830920,-10.2,46,5.7
./2008.q1-q4.by_area/2008.q1-q4 45000 South Carolina -- Statewide.csv:"45000","5","10","51","0","2008","1","","South Carolina -- Statewide","Private","Total, all industries","State, Total -- by ownership sector","All establishment sizes",113542,1526901,1534718,1549708,13668494636,7688219233,157056043,684,"",1.00,0.98,0.98,0.98,0.96,1.01,1.00,0.98,"",474,0.4,6713,0.4,4577,0.3,-4819,-0.3,324847650,2.4,68349256,0.9,-2595268,-1.6,15,2.2
./2008.q1-q4.by_area/2008.q1-q4 45000 South Carolina -- Statewide.csv:"45000","5","10","51","0","2008","2","","South Carolina -- Statewide","Private","Total, all industries","State, Total -- by ownership sector","All establishment sizes",114837,1557228,1568981,1570850,13438752808,2206419253,47297094,660,"",1.00,0.98,0.98,0.98,0.96,1.02,1.00,0.99,"",2410,2.1,-7092,-0.5,-7578,-0.5,-19776,-1.2,154883491,1.2,-113578594,-4.9,-3804801,-7.4,12,1.9
./2008.q1-q4.by_area/2008.q1-q4 45000 South Carolina -- Statewide.csv:"45000","5","10","51","0","2008","3","","South Carolina -- Statewide","Private","Total, all industries","State, Total -- by ownership sector","All establishment sizes",115395,1555186,1552261,1534474,13358785522,1380270584,30110063,664,"",1.00,0.98,0.97,0.97,0.96,1.02,1.00,0.98,"",2155,1.9,-24297,-1.5,-27625,-1.7,-36951,-2.4,71852924,0.5,-141494587,-9.3,-4399578,-12.7,16,2.5
./2008.q1-q4.by_area/2008.q1-q4 45000 South Carolina -- Statewide.csv:"45000","5","10","51","0","2008","4","","South Carolina -- Statewide","Private","Total, all industries","State, Total -- by ownership sector","All establishment sizes",114888,1519272,1508022,1492572,14063477877,1054559575,23502522,718,"",1.00,0.97,0.97,0.97,0.96,1.03,1.00,0.98,"",382,0.3,-45678,-2.9,-57796,-3.7,-72337,-4.6,-342354143,-2.4,-218583486,-17.2,-5774437,-19.7,10,1.4
./2008.q1-q4.by_area/2008.q1-q4 46000 South Dakota -- Statewide.csv:"46000","5","10","51","0","2008","1","","South Dakota -- Statewide","Private","Total, all industries","State, Total -- by ownership sector","All establishment sizes",27877,316281,316083,318790,2593509641,1602637836,11318253,629,"",0.95,0.98,0.98,0.98,0.97,0.97,0.92,0.99,"",206,0.7,7564,2.5,7821,2.5,6826,2.2,205737414,8.6,113812402,7.6,-192183,-1.7,36,6.1
./2008.q1-q4.by_area/2008.q1-q4 46000 South Dakota -- Statewide.csv:"46000","5","10","51","0","2008","2","","South Dakota -- Statewide","Private","Total, all industries","State, Total -- by ownership sector","All establishment sizes",28105,322304,330066,335991,2552501792,594190230,5534007,596,"",0.95,0.98,0.98,0.98,0.98,0.98,0.94,1.00,"",362,1.3,4903,1.5,4336,1.3,4126,1.2,99693885,4.1,36764171,6.6,-32444,-0.6,15,2.6
./2008.q1-q4.by_area/2008.q1-q4 46000 South Dakota -- Statewide.csv:"46000","5","10","51","0","2008","3","","South Dakota -- Statewide","Private","Total, all industries","State, Total -- by ownership sector","All establishment sizes",28264,336539,338886,331082,2676161114,367401139,3752180,614,"",0.95,0.98,0.98,0.98,0.98,1.00,0.96,1.00,"",357,1.3,3832,1.2,3637,1.1,3820,1.2,138043817,5.4,14168565,4.0,87891,2.4,25,4.2
./2008.q1-q4.by_area/2008.q1-q4 46000 South Dakota -- Statewide.csv:"46000","5","10","51","0","2008","4","","South Dakota -- Statewide","Private","Total, all industries","State, Total -- by ownership sector","All establishment sizes",28405,328903,325643,323845,2783907948,270131565,2293576,657,"",0.95,0.98,0.98,0.98,0.97,1.00,0.95,0.99,"",457,1.6,3368,1.0,1605,0.5,688,0.2,71018545,2.6,-5919682,-2.1,-286580,-11.1,13,2.0
./2008.q1-q4.by_area/2008.q1-q4 47000 Tennessee -- Statewide.csv:"47000","5","10","51","0","2008","1","","Tennessee -- Statewide","Private","Total, all industries","State, Total -- by ownership sector","All establishment sizes",140006,2298171,2301193,2317958,22907285202,11590130156,251087817,764,"",1.01,1.01,1.01,1.01,1.01,0.99,1.00,1.00,"",4265,3.1,16069,0.7,13741,0.6,2319,0.1,795887130,3.6,234524120,2.1,42000990,20.1,23,3.1
./2008.q1-q4.by_area/2008.q1-q4 47000 Tennessee -- Statewide.csv:"47000","5","10","51","0","2008","2","","Tennessee -- Statewide","Private","Total, all industries","State, Total -- by ownership sector","All establishment sizes",139261,2324038,2332643,2339543,22302483249,3079595638,67597934,736,"",1.01,1.01,1.01,1.01,1.01,1.01,1.00,1.00,"",2366,1.7,606,0.0,-3193,-0.1,-15712,-0.7,322239313,1.5,-93387863,-2.9,8113815,13.6,13,1.8
./2008.q1-q4.by_area/2008.q1-q4 47000 Tennessee -- Statewide.csv:"47000","5","10","51","0","2008","3","","Tennessee -- Statewide","Private","Total, all industries","State, Total -- by ownership sector","All establishment sizes",139731,2312416,2318362,2305401,22466725618,1931412554,34964020,747,"",1.01,1.01,1.01,1.01,1.02,1.01,1.00,1.01,"",1302,0.9,-29709,-1.3,-40605,-1.7,-50107,-2.1,252610668,1.1,-180985042,-8.6,-4274825,-10.9,21,2.9
./2008.q1-q4.by_area/2008.q1-q4 47000 Tennessee -- Statewide.csv:"47000","5","10","51","0","2008","4","","Tennessee -- Statewide","Private","Total, all industries","State, Total -- by ownership sector","All establishment sizes",139341,2284276,2274754,2262441,24630007108,1571425312,28735661,833,"",1.01,1.01,1.01,1.01,1.02,1.02,1.00,1.01,"",402,0.3,-59736,-2.5,-86540,-3.7,-103790,-4.4,-504491207,-2.0,-318747586,-16.9,-6746423,-19.0,13,1.6
./2008.q1-q4.by_area/2008.q1-q4 48000 Texas -- Statewide.csv:"48000","5","10","51","0","2008","1","","Texas -- Statewide","Private","Total, all industries","State, Total -- by ownership sector","All establishment sizes",543617,8557610,8622545,8659932,104070001842,52706989069,651676275,929,"",1.00,0.99,0.99,0.99,1.01,1.00,1.00,1.02,"",-3158,-0.6,303371,3.7,299258,3.6,244783,2.9,6848246435,7.0,2496469840,5.0,-378733192,-36.8,31,3.5
./2008.q1-q4.by_area/2008.q1-q4 48000 Texas -- Statewide.csv:"48000","5","10","51","0","2008","2","","Texas -- Statewide","Private","Total, all industries","State, Total -- by ownership sector","All establishment sizes",546872,8700325,8744045,8780104,97473933330,17011913774,185600146,858,"",1.00,0.99,0.99,0.99,1.02,1.01,1.00,1.03,"",-3470,-0.6,245523,2.9,230171,2.7,186072,2.2,4476464984,4.8,78675936,0.5,-106145428,-36.4,18,2.1
./2008.q1-q4.by_area/2008.q1-q4 48000 Texas -- Statewide.csv:"48000","5","10","51","0","2008","3","","Texas -- Statewide","Private","Total, all industries","State, Total -- by ownership sector","All establishment sizes",550784,8762754,8794599,8718608,97311402763,10643014063,118044651,855,"",1.00,0.99,0.99,0.99,1.01,1.02,1.00,1.02,"",-4889,-0.9,185289,2.2,171657,2.0,115767,1.3,4250703970,4.6,-274145508,-2.5,-73045716,-38.2,23,2.8
./2008.q1-q4.by_area/2008.q1-q4 48000 Texas -- Statewide.csv:"48000","5","10","51","0","2008","4","","Texas -- Statewide","Private","Total, all industries","State, Total -- by ownership sector","All establishment sizes",551283,8732682,8737233,8730838,108244917218,9039233125,107486672,953,"",1.00,0.99,0.99,0.99,1.02,1.03,1.00,1.02,"",-6360,-1.1,111626,1.3,56280,0.6,10278,0.1,3025830956,2.9,-612972020,-6.4,-69122289,-39.1,20,2.1
./2008.q1-q4.by_area/2008.q1-q4 49000 Utah -- Statewide.csv:"49000","5","10","51","0","2008","1","","Utah -- Statewide","Private","Total, all industries","State, Total -- by ownership sector","All establishment sizes",82903,1012808,1014053,1018737,9424502415,7893998627,42663583,714,"",0.99,1.00,1.00,1.00,0.99,1.01,1.00,0.99,"",1627,2.0,22044,2.2,17708,1.8,10999,1.1,427293365,4.7,406379534,5.4,-22864930,-34.9,21,3.0
./2008.q1-q4.by_area/2008.q1-q4 49000 Utah -- Statewide.csv:"49000","5","10","51","0","2008","2","","Utah -- Statewide","Private","Total, all industries","State, Total -- by ownership sector","All establishment sizes",83102,1023561,1025754,1031122,9351727959,5906351756,34353920,701,"",0.99,1.00,1.00,0.99,0.99,1.02,1.00,1.00,"",566,0.7,7481,0.7,2371,0.2,-3034,-0.3,207747101,2.3,194012230,3.4,-18107500,-34.5,14,2.0
./2008.q1-q4.by_area/2008.q1-q4 49000 Utah -- Statewide.csv:"49000","5","10","51","0","2008","3","","Utah -- Statewide","Private","Total, all industries","State, Total -- by ownership sector","All establishment sizes",83649,1030633,1035175,1026786,9494902055,4157327175,25130839,709,"",0.99,0.99,0.99,1.00,0.99,1.02,1.00,1.00,"",256,0.3,-3372,-0.3,-5766,-0.6,-7445,-0.7,238693476,2.6,123692426,3.1,-12342192,-32.9,22,3.2
./2008.q1-q4.by_area/2008.q1-q4 49000 Utah -- Statewide.csv:"49000","5","10","51","0","2008","4","","Utah -- Statewide","Private","Total, all industries","State, Total -- by ownership sector","All establishment sizes",84586,1018512,1011503,1009919,10045366730,2969843784,17861786,763,"",0.99,1.00,1.00,1.00,0.99,1.03,1.00,0.99,"",103,0.1,-13534,-1.3,-27423,-2.6,-33424,-3.2,-112846177,-1.1,-99303519,-3.2,-10130749,-36.2,10,1.3
./2008.q1-q4.by_area/2008.q1-q4 50000 Vermont -- Statewide.csv:"50000","5","10","51","0","2008","1","","Vermont -- Statewide","Private","Total, all industries","State, Total -- by ownership sector","All establishment sizes",23191,248860,248597,247273,2341307582,1225405030,34911337,726,"",0.97,0.98,0.98,0.98,0.96,1.01,1.00,0.98,"",-72,-0.3,480,0.2,1002,0.4,-340,-0.1,99861973,4.5,12186582,1.0,-477735,-1.3,30,4.3
./2008.q1-q4.by_area/2008.q1-q4 50000 Vermont -- Statewide.csv:"50000","5","10","51","0","2008","2","","Vermont -- Statewide","Private","Total, all industries","State, Total -- by ownership sector","All establishment sizes",23409,245172,249330,253466,2246677445,346332147,9813617,693,"",0.97,0.98,0.98,0.98,0.96,1.02,1.01,0.98,"",92,0.4,1494,0.6,746,0.3,-1730,-0.7,54256963,2.5,-15010439,-4.2,-478576,-4.6,16,2.4
./2008.q1-q4.by_area/2008.q1-q4 50000 Vermont -- Statewide.csv:"50000","5","10","51","0","2008","3","","Vermont -- Statewide","Private","Total, all industries","State, Total -- by ownership sector","All establishment sizes",23524,254967,254864,251471,2332498751,236426347,7806210,707,"",0.97,1.01,1.00,0.98,0.98,1.03,1.01,0.99,"",257,1.1,-1892,-0.7,-1892,-0.7,-1522,-0.6,61193818,2.7,-11164325,-4.5,734554,10.4,23,3.4
./2008.q1-q4.by_area/2008.q1-q4 50000 Vermont -- Statewide.csv:"50000","5","10","51","0","2008","4","","Vermont -- Statewide","Private","Total, all industries","State, Total -- by ownership sector","All establishment sizes",23214,251987,247443,249859,2483992987,175617637,5444824,765,"",0.97,0.98,0.98,0.98,0.97,1.04,1.01,0.99,"",-11,0.0,-895,-0.4,-4014,-1.6,-5847,-2.3,50017980,2.1,-15347148,-8.0,320677,6.3,26,3.5
./2008.q1-q4.by_area/2008.q1-q4 51000 Virginia -- Statewide.csv:"51000","5","10","51","0","2008","1","","Virginia -- Statewide","Private","Total, all industries","State, Total -- by ownership sector","All establishment sizes",222152,2953104,2950348,2967894,35245501747,16866897142,193722194,917,"",1.00,0.97,0.97,0.97,0.96,1.00,1.00,0.99,"",3338,1.5,11112,0.4,11141,0.4,-2771,-0.1,704921716,2.0,137185055,0.8,-48981092,-20.2,17,1.9
./2008.q1-q4.by_area/2008.q1-q4 51000 Virginia -- Statewide.csv:"51000","5","10","51","0","2008","2","","Virginia -- Statewide","Private","Total, all industries","State, Total -- by ownership sector","All establishment sizes",222227,2989956,3010046,3033410,33999407503,4592408214,51663092,869,"",1.00,0.97,0.97,0.97,0.97,1.01,1.00,1.00,"",2417,1.1,5436,0.2,-3590,-0.1,-13278,-0.4,831935990,2.5,-179257093,-3.8,-12233132,-19.1,23,2.7
./2008.q1-q4.by_area/2008.q1-q4 51000 Virginia -- Statewide.csv:"51000","5","10","51","0","2008","3","","Virginia -- Statewide","Private","Total, all industries","State, Total -- by ownership sector","All establishment sizes",223288,3034187,3029829,2999162,33896656870,2949947509,34014003,863,"",1.00,0.97,0.97,0.97,0.96,1.02,1.00,0.99,"",1785,0.8,-6229,-0.2,-10027,-0.3,-17291,-0.6,845274152,2.6,-152276134,-4.9,-8116485,-19.3,25,3.0
./2008.q1-q4.by_area/2008.q1-q4 51000 Virginia -- Statewide.csv:"51000","5","10","51","0","2008","4","","Virginia -- Statewide","Private","Total, all industries","State, Total -- by ownership sector","All establishment sizes",223870,2985888,2972506,2964722,36557960377,2349130496,28770228,945,"",1.00,0.97,0.97,0.97,0.96,1.03,1.00,0.99,"",7031,3.2,-21891,-0.7,-42523,-1.4,-56136,-1.9,584247666,1.6,-258879310,-9.9,-8487965,-22.8,27,2.9
./2008.q1-q4.by_area/2008.q1-q4 53000 Washington -- Statewide.csv:"53000","5","10","51","0","2008","1","","Washington -- Statewide","Private","Total, all industries","State, Total -- by ownership sector","All establishment sizes",211783,2367578,2382722,2402144,27772865196,22986188765,379390434,896,"",1.01,0.98,0.98,0.98,0.97,1.00,1.00,0.99,"",3134,1.5,59481,2.6,48775,2.1,42915,1.8,1519744877,5.8,1438035291,6.7,-51156197,-11.9,31,3.6
./2008.q1-q4.by_area/2008.q1-q4 53000 Washington -- Statewide.csv:"53000","5","10","51","0","2008","2","","Washington -- Statewide","Private","Total, all industries","State, Total -- by ownership sector","All establishment sizes",216221,2414789,2435179,2473624,26928826279,16945712105,285638477,849,"",1.01,0.98,0.98,0.98,0.98,1.01,1.00,1.00,"",4193,2.0,41360,1.7,32134,1.3,2574,0.1,1064068398,4.1,1053802305,6.6,-33817866,-10.6,25,3.0
./2008.q1-q4.by_area/2008.q1-q4 53000 Washington -- Statewide.csv:"53000","5","10","51","0","2008","3","","Washington -- Statewide","Private","Total, all industries","State, Total -- by ownership sector","All establishment sizes",217795,2504065,2490576,2489779,28980589912,12132144678,203324763,894,"",1.01,0.97,0.98,0.99,0.98,1.01,1.00,1.00,"",2875,1.3,21053,0.8,13677,0.6,12078,0.5,1057277126,3.8,757590739,6.7,-18136276,-8.2,28,3.2
./2008.q1-q4.by_area/2008.q1-q4 53000 Washington -- Statewide.csv:"53000","5","10","51","0","2008","4","","Washington -- Statewide","Private","Total, all industries","State, Total -- by ownership sector","All establishment sizes",217950,2440972,2398343,2357742,28347524272,8563904383,138932635,909,"",1.01,0.98,0.98,0.98,0.97,1.02,1.00,0.99,"",-78,0.0,-22909,-0.9,-33154,-1.4,-64394,-2.7,540860070,1.9,258970476,3.1,-18832314,-11.9,32,3.6
./2008.q1-q4.by_area/2008.q1-q4 54000 West Virginia -- Statewide.csv:"54000","5","10","51","0","2008","1","","West Virginia -- Statewide","Private","Total, all industries","State, Total -- by ownership sector","All establishment sizes",44674,559368,559219,562708,4838625599,2779603551,74767101,664,"",0.95,0.96,0.96,0.96,0.94,1.00,1.00,0.97,"",35,0.1,3380,0.6,6709,1.2,1204,0.2,203785478,4.4,55449874,2.0,1023856,1.4,24,3.8
./2008.q1-q4.by_area/2008.q1-q4 54000 West Virginia -- Statewide.csv:"54000","5","10","51","0","2008","2","","West Virginia -- Statewide","Private","Total, all industries","State, Total -- by ownership sector","All establishment sizes",44785,568353,572757,576414,4877945554,990307299,27557075,655,"",0.95,0.96,0.96,0.96,0.92,1.01,1.00,0.96,"",-41,-0.1,2791,0.5,2095,0.4,-1269,-0.2,229649612,4.9,-6338311,-0.6,-501884,-1.8,29,4.6
./2008.q1-q4.by_area/2008.q1-q4 54000 West Virginia -- Statewide.csv:"54000","5","10","51","0","2008","3","","West Virginia -- Statewide","Private","Total, all industries","State, Total -- by ownership sector","All establishment sizes",44785,577372,578861,579074,5006237304,604139304,17777440,666,"",0.95,0.95,0.95,0.96,0.97,1.01,0.99,1.02,"",-121,-0.3,4029,0.7,2215,0.4,3164,0.5,325024274,6.9,14676444,2.5,894763,5.3,40,6.4
./2008.q1-q4.by_area/2008.q1-q4 54000 West Virginia -- Statewide.csv:"54000","5","10","51","0","2008","4","","West Virginia -- Statewide","Private","Total, all industries","State, Total -- by ownership sector","All establishment sizes",44837,578005,576904,575309,5404805397,496114330,14993070,721,"",0.95,0.96,0.96,0.96,0.95,1.03,1.00,0.98,"",-135,-0.3,3651,0.6,596,0.1,-1509,-0.3,387746321,7.7,4936734,1.0,640956,4.5,51,7.6
./2008.q1-q4.by_area/2008.q1-q4 55000 Wisconsin -- Statewide.csv:"55000","5","10","51","0","2008","1","","Wisconsin -- Statewide","Private","Total, all industries","State, Total -- by ownership sector","All establishment sizes",153047,2342783,2333264,2342358,22938717497,13892529385,345131100,754,"",0.99,1.02,1.02,1.02,1.01,1.01,1.00,0.99,"",2636,1.8,8640,0.4,9962,0.4,3924,0.2,615822857,2.8,194395478,1.4,-6856977,-1.9,18,2.4
./2008.q1-q4.by_area/2008.q1-q4 55000 Wisconsin -- Statewide.csv:"55000","5","10","51","0","2008","2","","Wisconsin -- Statewide","Private","Total, all industries","State, Total -- by ownership sector","All establishment sizes",153247,2368305,2408645,2440054,22331522835,4998127297,138965052,714,"",0.99,1.02,1.03,1.02,1.02,1.02,1.00,1.00,"",1605,1.1,2122,0.1,-561,0.0,-13833,-0.6,546011255,2.5,-117406361,-2.3,-7238738,-5.0,19,2.7
./2008.q1-q4.by_area/2008.q1-q4 55000 Wisconsin -- Statewide.csv:"55000","5","10","51","0","2008","3","","Wisconsin -- Statewide","Private","Total, all industries","State, Total -- by ownership sector","All establishment sizes",153962,2439836,2444336,2411396,22884143172,2798602629,78753651,724,"",0.98,1.03,1.03,1.03,1.03,1.02,1.00,1.00,"",1274,0.8,-11409,-0.5,-12569,-0.5,-16963,-0.7,610669322,2.7,-64932855,-2.3,-3432939,-4.2,23,3.3
./2008.q1-q4.by_area/2008.q1-q4 55000 Wisconsin -- Statewide.csv:"55000","5","10","51","0","2008","4","","Wisconsin -- Statewide","Private","Total, all industries","State, Total -- by ownership sector","All establishment sizes",150256,2399560,2375026,2356435,24390361629,1989107888,52069824,789,"",0.99,1.03,1.02,1.02,1.02,1.03,1.00,0.99,"",-3380,-2.2,-21414,-0.9,-44019,-1.8,-56463,-2.3,210416327,0.9,-182733838,-8.4,-7121949,-12.0,20,2.6
./2008.q1-q4.by_area/2008.q1-q4 56000 Wyoming -- Statewide.csv:"56000","5","10","51","0","2008","1","","Wyoming -- Statewide","Private","Total, all industries","State, Total -- by ownership sector","All establishment sizes",23241,213214,213609,214892,2163793492,1813834501,21027570,778,"",0.97,0.93,0.93,0.93,0.92,1.00,0.99,0.99,"",673,3.0,8980,4.4,8629,4.2,6798,3.3,226916402,11.7,198502730,12.3,982640,4.9,54,7.5
./2008.q1-q4.by_area/2008.q1-q4 56000 Wyoming -- Statewide.csv:"56000","5","10","51","0","2008","2","","Wyoming -- Statewide","Private","Total, all industries","State, Total -- by ownership sector","All establishment sizes",23460,215520,222638,231795,2207542210,1103179883,14414087,760,"",0.97,0.92,0.92,0.93,0.92,1.00,0.98,0.99,"",504,2.2,6787,3.3,6687,3.1,6414,2.8,180941452,8.9,129097119,13.3,-53766,-0.4,41,5.7
./2008.q1-q4.by_area/2008.q1-q4 56000 Wyoming -- Statewide.csv:"56000","5","10","51","0","2008","3","","Wyoming -- Statewide","Private","Total, all industries","State, Total -- by ownership sector","All establishment sizes",23600,236012,236264,230790,2354339668,802165609,11344849,773,"",0.97,0.94,0.95,0.93,0.94,1.01,0.99,1.00,"",554,2.4,7665,3.4,7655,3.3,7873,3.5,227961294,10.7,100421923,14.3,-14987,-0.1,51,7.1
./2008.q1-q4.by_area/2008.q1-q4 56000 Wyoming -- Statewide.csv:"56000","5","10","51","0","2008","4","","Wyoming -- Statewide","Private","Total, all industries","State, Total -- by ownership sector","All establishment sizes",23647,226958,221344,219865,2472852876,566687577,7270479,854,"",0.97,0.93,0.93,0.93,0.93,1.02,0.99,1.00,"",500,2.2,7433,3.4,3906,1.8,2010,0.9,145068743,6.2,47576098,9.2,-705053,-8.8,34,4.1
./2008.q1-q4.by_area/2008.q1-q4 72000 Puerto Rico -- Statewide.csv:"72000","5","10","51","0","2008","1","","Puerto Rico -- Statewide","Private","Total, all industries","State, Total -- by ownership sector","All establishment sizes",61095,719843,721919,724890,4314808857,2891616748,87390904,460,"",1.00,0.86,0.86,0.86,0.80,1.00,0.99,0.93,"",1680,2.8,-9580,-1.3,-8247,-1.1,-11839,-1.6,83501674,2.0,25952250,0.9,647549,0.7,15,3.4
./2008.q1-q4.by_area/2008.q1-q4 72000 Puerto Rico -- Statewide.csv:"72000","5","10","51","0","2008","2","","Puerto Rico -- Statewide","Private","Total, all industries","State, Total -- by ownership sector","All establishment sizes",54610,720119,718767,715383,4107912254,1300965149,43277537,440,"",0.99,0.86,0.86,0.85,0.81,1.01,1.00,0.95,"",-5369,-9.0,-11122,-1.5,-16094,-2.2,-18151,-2.5,30645087,0.8,-13423337,-1.0,-246149,-0.6,12,2.8
./2008.q1-q4.by_area/2008.q1-q4 72000 Puerto Rico -- Statewide.csv:"72000","5","10","51","0","2008","3","","Puerto Rico -- Statewide","Private","Total, all industries","State, Total -- by ownership sector","All establishment sizes",53355,702895,704872,709399,4056336522,625461293,21241893,442,"",0.99,0.83,0.84,0.85,0.79,1.02,1.00,0.94,"",-6809,-11.3,-15790,-2.2,-18551,-2.6,-20185,-2.8,40161010,1.0,-53722010,-7.9,-1872219,-8.1,15,3.5
./2008.q1-q4.by_area/2008.q1-q4 72000 Puerto Rico -- Statewide.csv:"72000","5","10","51","0","2008","4","","Puerto Rico -- Statewide","Private","Total, all industries","State, Total -- by ownership sector","All establishment sizes",53621,704357,708621,742137,4746702343,468077740,15928122,508,"",0.99,0.85,0.85,0.86,0.82,1.03,1.00,0.96,"",-6784,-11.2,-22582,-3.1,-28308,-3.8,-30542,-4.0,90632582,1.9,-62164941,-11.7,-2118491,-11.7,28,5.8
./2008.q1-q4.by_area/2008.q1-q4 78000 Virgin Islands -- Statewide.csv:"78000","5","10","51","0","2008","1","","Virgin Islands -- Statewide","Private","Total, all industries","State, Total -- by ownership sector","All establishment sizes",3546,32757,33407,33578,295798416,253957540,328875,684,"",0.99,0.86,0.86,0.86,0.83,1.01,1.00,0.96,"",250,7.6,-177,-0.5,69,0.2,233,0.7,19183590,6.9,31461166,14.1,-57068,-14.8,43,6.7
./2008.q1-q4.by_area/2008.q1-q4 78000 Virgin Islands -- Statewide.csv:"78000","5","10","51","0","2008","2","","Virgin Islands -- Statewide","Private","Total, all industries","State, Total -- by ownership sector","All establishment sizes",3486,33151,32916,32931,275459357,171508992,259021,642,"",0.99,0.86,0.86,0.85,0.79,1.02,0.96,0.93,"",73,2.1,-108,-0.3,-1254,-3.7,-1148,-3.4,-20450890,-6.9,-12781304,-6.9,-134319,-34.1,-31,-4.6
./2008.q1-q4.by_area/2008.q1-q4 78000 Virgin Islands -- Statewide.csv:"78000","5","10","51","0","2008","3","","Virgin Islands -- Statewide","Private","Total, all industries","State, Total -- by ownership sector","All establishment sizes",3456,32548,32211,31876,270423097,114690504,189026,646,"",0.99,0.82,0.83,0.84,0.77,1.02,0.98,0.92,"",-25,-0.7,-164,-0.5,-245,-0.8,-460,-1.4,2588761,1.0,-436232,-0.4,-43379,-18.7,12,1.9
./2008.q1-q4.by_area/2008.q1-q4 78000 Virgin Islands -- Statewide.csv:"78000","5","10","51","0","2008","4","","Virgin Islands -- Statewide","Private","Total, all industries","State, Total -- by ownership sector","All establishment sizes",3452,31736,32361,32458,286728222,90323378,182840,685,"",0.99,0.85,0.85,0.85,0.80,1.04,1.00,0.94,"",-57,-1.6,-722,-2.2,-439,-1.3,-821,-2.5,265717,0.1,-771418,-0.8,-15863,-8.0,14,2.1
